trial_id,release_ball_direction_x,release_ball_direction_z,release_ball_direction_y,elbow_release_angle,elbow_max_angle,wrist_release_angle,wrist_max_angle,knee_release_angle,knee_max_angle,release_ball_speed,calculated_release_angle,release_ball_velocity_x,release_ball_velocity_y,release_ball_velocity_z,Prediction,Probability_0,Probability_1,shap_direction_release_ball_direction_x,shap_importance_release_ball_direction_x,shap_unit_change_release_ball_direction_x,shap_direction_release_ball_direction_z,shap_importance_release_ball_direction_z,shap_unit_change_release_ball_direction_z,shap_direction_release_ball_direction_y,shap_importance_release_ball_direction_y,shap_unit_change_release_ball_direction_y,shap_direction_elbow_release_angle,shap_importance_elbow_release_angle,shap_unit_change_elbow_release_angle,shap_direction_elbow_max_angle,shap_importance_elbow_max_angle,shap_unit_change_elbow_max_angle,shap_direction_wrist_release_angle,shap_importance_wrist_release_angle,shap_unit_change_wrist_release_angle,shap_direction_wrist_max_angle,shap_importance_wrist_max_angle,shap_unit_change_wrist_max_angle,shap_direction_knee_release_angle,shap_importance_knee_release_angle,shap_unit_change_knee_release_angle,shap_direction_knee_max_angle,shap_importance_knee_max_angle,shap_unit_change_knee_max_angle,shap_direction_release_ball_speed,shap_importance_release_ball_speed,shap_unit_change_release_ball_speed,shap_direction_calculated_release_angle,shap_importance_calculated_release_angle,shap_unit_change_calculated_release_angle,shap_direction_release_ball_velocity_x,shap_importance_release_ball_velocity_x,shap_unit_change_release_ball_velocity_x,shap_direction_release_ball_velocity_y,shap_importance_release_ball_velocity_y,shap_unit_change_release_ball_velocity_y,shap_direction_release_ball_velocity_z,shap_importance_release_ball_velocity_z,shap_unit_change_release_ball_velocity_z
T0001,0.3770123170199189,0.926203487482012,0.0029686009214167017,72.32582957950736,106.27211829325331,28.102764926877825,35.91840619355692,32.646275731714404,63.5410068390672,9.907618263436408,62.95920609792179,3.735294117647026,0.02941176470588225,9.176470588235276,0,0.9108718,0.08912821,No feedback available,No feedback available,No feedback available,No feedback available,No feedback available,No feedback available,No feedback available,No feedback available,No feedback available,No feedback available,No feedback available,No feedback available,No feedback available,No feedback available,No feedback available,No feedback available,No feedback available,No feedback available,No feedback available,No feedback available,No feedback available,No feedback available,No feedback available,No feedback available,No feedback available,No feedback available,No feedback available,No feedback available,No feedback available,No feedback available,No feedback available,No feedback available,No feedback available,No feedback available,No feedback available,No feedback available,No feedback available,No feedback available,No feedback available,No feedback available,No feedback available,No feedback available
T0002,0.4176440395469818,0.9019061467517638,-0.1101760349725166,58.430068002049,101.79879837206796,32.76662558034087,38.6937901245473,33.83402566071382,65.56563492159438,11.826803382018102,64.96499886436283,4.9393939393939466,-1.303030303030304,10.666666666666677,1,0.082084656,0.91791534,increase,0.0536,0.04 meters,increase,0.0791,0.09 meters,increase,1.6703,0.01 meters,decrease,0.1628,5.84 degrees,increase,0.4481,10.18 degrees,decrease,0.3107,3.28 degrees,increase,0.3199,3.87 degrees,increase,0.1061,3.38 degrees,decrease,0.2354,6.56 degrees,decrease,0.321,1.18 meters,increase,0.2969,6.50 degrees,decrease,0.4251,0.49 meters,decrease,0.0088,0.13 meters,decrease,0.2892,1.07 meters
T0003,0.3830860128966606,0.9223532464358148,-0.0500958632249483,73.88372806723093,106.98963280935146,26.22094346440733,38.99808908735453,33.55029295438971,65.25734578567558,10.28331446926667,60.31469365327763,3.939393939393909,-0.5151515151515156,9.484848484848502,0,0.96186703,0.038132977,increase,0.0265,0.04 meters,increase,0.0716,0.09 meters,decrease,0.6186,0.01 meters,decrease,1.0381,7.39 degrees,decrease,1.8865,10.70 degrees,decrease,0.6875,2.62 degrees,increase,0.3079,3.90 degrees,decrease,0.1962,3.36 degrees,decrease,0.3676,6.53 degrees,increase,0.0213,1.03 meters,decrease,0.2441,6.03 degrees,increase,0.0734,0.39 meters,decrease,0.0502,0.05 meters,increase,0.1668,0.95 meters
T0004,0.292053952543455,0.9563964599774945,0.0032093840938841947,71.42483459876938,104.1608651893775,22.64988113813658,36.35303834703563,29.56845337375442,64.65257327939122,9.1643018864365,63.41890301549047,2.676470588235221,0.02941176470588225,8.764705882352942,0,0.838266,0.161734,decrease,0.1402,0.03 meters,decrease,0.4229,0.10 meters,decrease,0.8644,0.00 meters,decrease,0.2651,7.14 degrees,decrease,0.7558,10.42 degrees,increase,0.511,2.26 degrees,increase,0.4001,3.64 degrees,decrease,0.1591,2.96 degrees,decrease,0.8993,6.47 degrees,increase,0.0896,0.92 meters,decrease,0.5221,6.34 degrees,increase,0.0886,0.27 meters,increase,0.1388,0.00 meters,decrease,0.0379,0.88 meters
T0005,0.3899165474546765,0.9188942412043748,-0.059987161146873,73.61934760096943,103.83202376178863,21.75449760296812,34.532455245139325,32.856306305834785,64.1655677696481,11.11348918536743,60.90081725196502,4.3333333333333535,-0.6666666666666672,10.21212121212123,1,0.48514473,0.51485527,increase,0.0714,0.04 meters,increase,0.086,0.09 meters,decrease,0.829,0.01 meters,decrease,0.4252,7.36 degrees,increase,0.896,10.38 degrees,increase,0.8543,2.18 degrees,increase,0.0195,3.45 degrees,decrease,0.1667,3.29 degrees,decrease,0.7041,6.42 degrees,decrease,0.2468,1.11 meters,decrease,0.536,6.09 degrees,increase,0.2112,0.43 meters,decrease,0.1161,0.07 meters,decrease,0.2486,1.02 meters
T0006,0.4828369914053449,0.8743913675201247,-0.0480434817318749,71.84964096037254,100.70656676944007,24.416968515045347,40.352861201559016,36.37762329695315,65.54800033843149,12.243810667189337,61.18315595785048,5.911764705882368,-0.5882352941176459,10.705882352941172,0,0.92810935,0.07189066,increase,0.0325,0.05 meters,increase,0.0357,0.09 meters,decrease,0.9071,0.00 meters,decrease,0.2657,7.18 degrees,increase,0.3441,10.07 degrees,increase,0.8083,2.44 degrees,decrease,0.7312,4.04 degrees,decrease,0.408,3.64 degrees,decrease,0.7649,6.55 degrees,decrease,0.3662,1.22 meters,decrease,0.6118,6.12 degrees,decrease,0.4518,0.59 meters,decrease,0.1745,0.06 meters,decrease,0.291,1.07 meters
T0007,0.471988623521372,0.8815879462324507,0.005425156592199602,71.87487869098874,104.97714224226108,27.69206362328445,38.84907099962881,30.143989921325492,63.85113225353674,11.171301616104532,56.95801261527676,5.272727272727257,0.06060606060606055,9.848484848484851,1,0.14806938,0.8519306,increase,0.0926,0.05 meters,increase,0.1452,0.09 meters,decrease,0.3996,0.00 meters,increase,0.0495,7.19 degrees,increase,0.1508,10.50 degrees,decrease,0.3541,2.77 degrees,increase,0.514,3.88 degrees,increase,0.2637,3.01 degrees,decrease,0.0647,6.39 degrees,decrease,0.397,1.12 meters,increase,0.342,5.70 degrees,decrease,0.169,0.53 meters,increase,0.1142,0.01 meters,increase,0.2688,0.98 meters
T0008,0.2548674603092959,0.9496847032953558,-0.1820481859352121,67.35877652926932,105.5060064982059,26.7384737789486,35.990742069040614,33.98172428708327,63.75729582521544,9.987365756167865,60.40280475306234,2.5454545454545343,-1.818181818181818,9.484848484848476,1,0.056822956,0.94317704,increase,0.0588,0.03 meters,increase,0.2486,0.09 meters,increase,1.4416,0.02 meters,decrease,0.4134,6.74 degrees,decrease,0.0511,10.55 degrees,decrease,0.4275,2.67 degrees,increase,0.5351,3.60 degrees,increase,0.0809,3.40 degrees,decrease,0.0801,6.38 degrees,decrease,0.003,1.00 meters,increase,0.0503,6.04 degrees,increase,0.1206,0.25 meters,decrease,0.1345,0.18 meters,increase,0.1897,0.95 meters
T0009,0.4244327003914631,0.9037919855394786,-0.0549265847565429,67.8793138658111,104.9322212319332,25.571257623976116,36.52541187104608,30.66574297614895,63.52557735628189,11.78043066754362,61.40396539339847,4.999999999999945,-0.6470588235294122,10.647058823529417,0,0.978313,0.021686947,decrease,0.1362,0.04 meters,increase,0.1172,0.09 meters,decrease,1.1065,0.01 meters,decrease,0.6589,6.79 degrees,decrease,0.134,10.49 degrees,decrease,0.5886,2.56 degrees,increase,0.4734,3.65 degrees,decrease,0.3413,3.07 degrees,decrease,0.2673,6.35 degrees,decrease,0.6276,1.18 meters,decrease,0.7962,6.14 degrees,decrease,0.4271,0.50 meters,decrease,0.0872,0.06 meters,decrease,0.4222,1.06 meters
T0010,0.2517773862093642,0.9675445270045994,0.0215809188179465,75.41320839888361,107.63718033227366,27.411173241142684,34.634303218859266,33.045688044434414,64.73252138794885,8.177158244464671,61.65461424979701,2.058823529411669,0.17647058823529427,7.91176470588233,0,0.97055966,0.02944037,increase,0.0499,0.03 meters,decrease,0.1653,0.10 meters,decrease,0.7876,0.00 meters,decrease,0.8481,7.54 degrees,decrease,1.8851,10.76 degrees,decrease,0.5675,2.74 degrees,decrease,0.0074,3.46 degrees,decrease,0.1979,3.30 degrees,decrease,0.3837,6.47 degrees,increase,0.3904,0.82 meters,decrease,0.5713,6.17 degrees,increase,0.0521,0.21 meters,increase,0.1439,0.02 meters,increase,0.0887,0.79 meters
T0011,0.4491649060635795,0.8895226571063172,-0.0836679726981187,62.31710431740002,107.2010003097767,24.246267289338714,34.94876818523528,29.608083717979355,66.53271533316733,13.762914462740891,61.61380555986433,6.181818181818093,-1.1515151515151492,12.24242424242424,0,0.6558438,0.3441562,decrease,0.0959,0.04 meters,increase,0.0458,0.09 meters,increase,0.4314,0.01 meters,increase,0.5315,6.23 degrees,decrease,1.5748,10.72 degrees,increase,0.6847,2.42 degrees,decrease,0.0142,3.49 degrees,decrease,0.1831,2.96 degrees,decrease,0.4117,6.65 degrees,decrease,0.2483,1.38 meters,decrease,0.3957,6.16 degrees,decrease,0.3043,0.62 meters,decrease,0.0684,0.12 meters,decrease,0.2352,1.22 meters
T0012,0.3197328642222647,0.9470182930773706,0.0304507489735489,70.00101983047287,105.04049765876556,22.11498248123594,39.926291033759256,30.43725200851573,62.35089559719589,9.951489314549566,62.090573353531816,3.1818181818181945,0.3030303030303032,9.424242424242422,1,0.07692546,0.92307454,decrease,0.0181,0.03 meters,increase,0.2471,0.09 meters,decrease,0.2284,0.00 meters,decrease,0.2545,7.00 degrees,decrease,0.1972,10.50 degrees,increase,1.0301,2.21 degrees,decrease,0.0688,3.99 degrees,decrease,0.1932,3.04 degrees,increase,0.5491,6.24 degrees,increase,0.1652,1.00 meters,decrease,0.3729,6.21 degrees,increase,0.093,0.32 meters,increase,0.3646,0.03 meters,increase,0.1756,0.94 meters
T0013,0.2986249487868411,0.9467046248774564,-0.1207207239776619,55.2993901271227,107.39273712762194,27.12799148897712,43.21920535509183,27.66033628385215,63.88150455939404,9.538670027593806,62.6375100676302,2.8484848484847767,-1.1515151515151492,9.030303030303031,0,0.8889808,0.11101919,decrease,0.1223,0.03 meters,increase,0.131,0.09 meters,increase,0.952,0.01 meters,decrease,0.0615,5.53 degrees,decrease,2.1732,10.74 degrees,decrease,0.528,2.71 degrees,decrease,0.5198,4.32 degrees,increase,0.0333,2.77 degrees,decrease,0.4885,6.39 degrees,decrease,0.0136,0.95 meters,decrease,0.5012,6.26 degrees,increase,0.038,0.28 meters,decrease,0.1016,0.12 meters,increase,0.0817,0.90 meters
T0014,0.2854781500854945,0.9537565468765296,-0.0940780267327188,66.19586703464265,104.7149657218513,24.79330112302569,37.82979681503192,29.56339857021544,61.35517370391308,9.341053477711297,59.66184207131464,2.666666666666696,-0.8787878787878796,8.909090909090922,0,0.6970919,0.30290812,decrease,0.0807,0.03 meters,decrease,0.2701,0.10 meters,increase,0.3906,0.01 meters,decrease,0.4525,6.62 degrees,decrease,0.6199,10.47 degrees,decrease,0.4146,2.48 degrees,increase,0.3376,3.78 degrees,decrease,0.3635,2.96 degrees,increase,0.1551,6.14 degrees,decrease,0.0364,0.93 meters,decrease,0.4112,5.97 degrees,increase,0.0934,0.27 meters,decrease,0.3194,0.09 meters,decrease,0.0353,0.89 meters
T0015,0.4630756251472524,0.8827379104369483,-0.0795911230721837,59.78411155595026,102.28815665852524,24.246581071164563,32.91053132007836,28.239439743955728,63.87625139648378,12.564215221502344,60.25040287798401,5.818181818181823,-0.9999999999999974,11.09090909090908,0,0.8647232,0.13527678,decrease,0.118,0.05 meters,increase,0.0545,0.09 meters,decrease,0.8439,0.01 meters,decrease,0.586,5.98 degrees,increase,0.1345,10.23 degrees,increase,0.6606,2.42 degrees,decrease,0.0421,3.29 degrees,increase,0.1559,2.82 degrees,decrease,0.6894,6.39 degrees,decrease,0.3901,1.26 meters,decrease,0.3974,6.03 degrees,decrease,0.6581,0.58 meters,decrease,0.062,0.10 meters,decrease,0.2669,1.11 meters
T0016,0.3859524394415884,0.9224537027788452,-0.010949005374229596,67.62522593355382,104.72260112285262,27.600566421239705,36.2340602422487,30.56834339759544,65.13265193029784,11.070605691491869,62.401510767624245,4.272727272727219,-0.12121212121212133,10.21212121212123,0,0.95319164,0.04680835,increase,0.0564,0.04 meters,increase,0.1172,0.09 meters,decrease,1.2686,0.00 meters,decrease,0.3558,6.76 degrees,decrease,0.5641,10.47 degrees,decrease,0.5295,2.76 degrees,increase,0.4945,3.62 degrees,decrease,0.3402,3.06 degrees,decrease,0.3859,6.51 degrees,decrease,0.4931,1.11 meters,decrease,0.708,6.24 degrees,increase,0.1166,0.43 meters,increase,0.0641,0.01 meters,decrease,0.4107,1.02 meters
T0017,0.3793500489668369,0.9248388055103868,-0.0276897845961194,57.72355809024408,104.0864657760358,27.624330167018723,33.893508916878616,27.56910605932552,64.08002371926227,10.943758048329904,63.12863030684733,4.151515151515165,-0.3030303030303032,10.121212121212109,0,0.9458311,0.054168906,increase,0.05,0.04 meters,increase,0.0496,0.09 meters,decrease,1.091,0.00 meters,decrease,0.3995,5.77 degrees,decrease,0.6659,10.41 degrees,decrease,0.4894,2.76 degrees,decrease,0.1386,3.39 degrees,increase,0.3476,2.76 degrees,decrease,0.3175,6.41 degrees,decrease,0.5159,1.09 meters,decrease,0.6525,6.31 degrees,increase,0.1402,0.42 meters,increase,0.0909,0.03 meters,decrease,0.4614,1.01 meters
T0018,0.4681991120144705,0.8836110692429927,0.004590187372690797,62.23667586712903,104.11098825786284,27.660729137779008,38.42538348409917,28.660806395286244,62.91735574718929,13.2033957843712,59.99411236883108,6.1818181818182,0.06060606060606055,11.66666666666666,0,0.8813807,0.11861935,decrease,0.0887,0.05 meters,increase,0.1003,0.09 meters,decrease,1.1014,0.00 meters,increase,0.2547,6.22 degrees,decrease,0.3713,10.41 degrees,decrease,0.5188,2.77 degrees,increase,0.367,3.84 degrees,increase,0.2162,2.87 degrees,decrease,0.1988,6.29 degrees,decrease,0.7511,1.32 meters,decrease,0.1481,6.00 degrees,decrease,0.3172,0.62 meters,decrease,0.2185,0.01 meters,decrease,0.4233,1.17 meters
T0019,0.1516293489113848,0.9836468019122766,-0.0971983005842174,62.62883410545936,104.00265219751958,29.71553763965444,39.048698519708935,32.83133233909207,64.88097921279359,7.564886558998674,68.26742573894272,1.1470588235294552,-0.7352941176470594,7.441176470588212,1,0.008437455,0.99156255,increase,0.0226,0.02 meters,decrease,0.4445,0.10 meters,increase,0.9276,0.01 meters,increase,0.8434,6.26 degrees,increase,0.9374,10.40 degrees,increase,0.0282,2.97 degrees,increase,0.3219,3.90 degrees,decrease,0.0995,3.28 degrees,decrease,0.3133,6.49 degrees,increase,0.3537,0.76 meters,increase,0.4134,6.83 degrees,increase,0.1937,0.11 meters,increase,0.1035,0.07 meters,increase,0.2851,0.74 meters
T0020,0.5083172720043937,0.859473648316606,-0.0540240578941864,46.86196713525894,102.1291360939862,28.342122563468838,37.168542701862094,24.22961026981929,64.46640301401193,11.977234749688073,61.03978754454399,6.088235294117668,-0.6470588235294107,10.294117647058838,0,0.8936536,0.10634642,increase,0.0352,0.05 meters,increase,0.0703,0.09 meters,decrease,0.7943,0.01 meters,decrease,0.5379,4.69 degrees,increase,0.2897,10.21 degrees,decrease,0.3528,2.83 degrees,increase,0.3429,3.72 degrees,increase,0.4445,2.42 degrees,decrease,0.3155,6.45 degrees,decrease,0.7347,1.20 meters,decrease,0.6725,6.10 degrees,decrease,0.6717,0.61 meters,decrease,0.0133,0.06 meters,decrease,0.412,1.03 meters
T0021,0.3388287297140671,0.9317790067136932,-0.1303187421977188,66.52309694132114,103.13737278980447,33.13831799919201,38.07282875564775,34.62588580889122,64.26659326308896,9.301204045402669,58.83474175376252,3.1515151515151274,-1.2121212121212095,8.66666666666668,1,0.030058742,0.96994126,decrease,0.0474,0.03 meters,increase,0.0966,0.09 meters,increase,1.4355,0.01 meters,decrease,0.2451,6.65 degrees,increase,0.8874,10.31 degrees,decrease,0.168,3.31 degrees,increase,0.4725,3.81 degrees,decrease,0.1877,3.46 degrees,decrease,0.2088,6.43 degrees,increase,0.1165,0.93 meters,decrease,0.0428,5.88 degrees,increase,0.1973,0.32 meters,decrease,0.1168,0.12 meters,increase,0.0914,0.87 meters
T0022,0.1246339460881476,0.9781876374796652,-0.1661785947841902,70.53925829223371,102.04882317197784,21.97934906286828,35.37615222237096,31.64192602791406,61.992678173223645,8.02349625753473,80.03033399159285,1.0000000000000373,-1.333333333333331,7.848484848484832,1,0.031015098,0.9689849,increase,0.0125,0.01 meters,decrease,0.375,0.10 meters,increase,0.9151,0.02 meters,decrease,0.3367,7.05 degrees,increase,0.7339,10.20 degrees,increase,0.4187,2.20 degrees,decrease,0.0257,3.54 degrees,decrease,0.0721,3.16 degrees,increase,0.4968,6.20 degrees,increase,0.2469,0.80 meters,increase,0.2675,8.00 degrees,increase,0.167,0.10 meters,decrease,0.256,0.13 meters,increase,0.0553,0.78 meters
T0023,0.4524648157026385,0.887527138493627,-0.0870124645581987,63.0637059140908,104.82143232032968,30.44103640167339,43.02080452559469,32.01936975176132,62.31249191188883,11.830624151754208,59.35688212918736,5.352941176470652,-1.0294117647058831,10.500000000000004,1,0.05563152,0.9443685,decrease,0.0479,0.05 meters,increase,0.0569,0.09 meters,increase,1.2696,0.01 meters,increase,0.9284,6.31 degrees,increase,0.165,10.48 degrees,decrease,0.4378,3.04 degrees,decrease,0.2776,4.30 degrees,decrease,0.1072,3.20 degrees,increase,0.3454,6.23 degrees,decrease,0.2397,1.18 meters,increase,0.073,5.94 degrees,decrease,0.1048,0.54 meters,increase,0.2195,0.10 meters,decrease,0.2043,1.05 meters
T0024,0.4195395351467441,0.9074310170308744,-0.023569636805996698,63.03662792167898,105.25500818550184,20.911088940226804,35.994118964208305,26.316672549870944,61.936297777359336,12.85680833882022,60.18002585527707,5.3939393939394185,-0.3030303030303032,11.66666666666666,1,0.023426414,0.9765736,increase,0.0449,0.04 meters,increase,0.1009,0.09 meters,decrease,0.7368,0.00 meters,increase,0.8868,6.30 degrees,increase,0.0837,10.53 degrees,increase,1.3033,2.09 degrees,increase,0.3527,3.60 degrees,increase,0.7667,2.63 degrees,increase,0.5217,6.19 degrees,decrease,0.607,1.29 meters,increase,0.0455,6.02 degrees,decrease,0.3474,0.54 meters,increase,0.3617,0.03 meters,decrease,0.24,1.17 meters
T0025,0.4178611066065362,0.9085109221058164,0.0,69.47347987975132,102.75814786416964,25.69528862925785,33.06750677553905,30.649101233594976,62.85564585700647,11.240504614353744,62.10267982301311,4.696969696969731,0.0,10.212121212121204,0,0.93199795,0.068002045,increase,0.0725,0.04 meters,increase,0.0601,0.09 meters,decrease,1.2877,0.00 meters,decrease,0.0638,6.95 degrees,increase,0.369,10.28 degrees,decrease,0.696,2.57 degrees,decrease,0.0673,3.31 degrees,decrease,0.3133,3.06 degrees,decrease,0.249,6.29 degrees,decrease,0.5394,1.12 meters,decrease,0.4995,6.21 degrees,decrease,0.3193,0.47 meters,increase,0.1238,0.00 meters,decrease,0.4011,1.02 meters
T0026,0.4681397577109762,0.8760239030433179,-0.1158761776512326,63.54191021509146,101.71992282769664,37.43967978484811,38.85752276597596,34.178838563470755,62.86756200709068,13.075608342137922,58.85425877635665,6.121212121212066,-1.5151515151515131,11.45454545454543,1,0.037665546,0.96233445,decrease,0.1264,0.05 meters,increase,0.0868,0.09 meters,increase,1.9909,0.01 meters,increase,0.8471,6.35 degrees,increase,0.3315,10.17 degrees,decrease,0.1954,3.74 degrees,increase,0.3463,3.89 degrees,decrease,0.0361,3.42 degrees,decrease,0.112,6.29 degrees,decrease,0.357,1.31 meters,decrease,0.0051,5.89 degrees,decrease,0.4444,0.61 meters,decrease,0.0368,0.15 meters,decrease,0.2422,1.15 meters
T0027,0.5078138244892169,0.8613851321943179,0.011864808983392795,65.799352251716,104.97614478247316,27.756181437920496,36.34520178818899,28.516337608786664,62.33732640707777,12.77012986279237,58.57809320096948,6.484848484848551,0.1515151515151517,11.000000000000012,1,0.39539152,0.6046085,increase,0.0464,0.05 meters,increase,0.093,0.09 meters,decrease,0.6976,0.00 meters,increase,0.6382,6.58 degrees,increase,0.1025,10.50 degrees,decrease,0.6001,2.78 degrees,increase,0.3765,3.63 degrees,increase,0.3532,2.85 degrees,increase,0.1388,6.23 degrees,decrease,0.6887,1.28 meters,increase,0.2387,5.86 degrees,decrease,0.3172,0.65 meters,decrease,0.0928,0.02 meters,decrease,0.3597,1.10 meters
T0028,0.3022323740798832,0.9531944105596396,-0.008718241559996301,72.89500608885915,103.14968618181616,23.18859887658015,34.12085940612116,31.14318202996564,63.067921471044606,10.12076730272205,63.80210510494391,3.058823529411741,-0.08823529411764375,9.64705882352942,1,0.12143242,0.8785676,decrease,0.0004,0.03 meters,increase,0.0663,0.10 meters,decrease,0.9761,0.00 meters,decrease,0.1314,7.29 degrees,increase,0.8475,10.31 degrees,increase,0.6457,2.32 degrees,decrease,0.0608,3.41 degrees,decrease,0.2263,3.11 degrees,decrease,0.4857,6.31 degrees,increase,0.0854,1.01 meters,increase,0.5249,6.38 degrees,increase,0.1508,0.31 meters,increase,0.2339,0.01 meters,increase,0.1116,0.96 meters
T0029,0.3547627168930494,0.9344196561022124,-0.031675242579736,66.89052414797712,106.21973065146946,24.21562462075016,42.48800849593941,30.22027696655285,62.105497731436685,9.2854110372933,62.30142926208322,3.2941176470588784,-0.2941176470588237,8.676470588235292,1,0.10410607,0.89589393,decrease,0.0686,0.04 meters,increase,0.0789,0.09 meters,decrease,0.4106,0.00 meters,decrease,0.0044,6.69 degrees,decrease,0.6849,10.62 degrees,increase,1.4175,2.42 degrees,decrease,0.4986,4.25 degrees,increase,0.1047,3.02 degrees,increase,0.6667,6.21 degrees,increase,0.1275,0.93 meters,decrease,0.3233,6.23 degrees,increase,0.1867,0.33 meters,increase,0.1773,0.03 meters,increase,0.1901,0.87 meters
T0030,0.3817087515811543,0.9218136517776262,-0.0675131125245586,71.23133127371467,103.53854981217133,24.77055315168067,36.2474185694328,31.6261086617218,61.22174714202657,11.326775699680134,62.78479474621946,4.32352941176466,-0.7647058823529418,10.44117647058822,1,0.06348693,0.93651307,increase,0.0795,0.04 meters,increase,0.1345,0.09 meters,decrease,0.5956,0.01 meters,decrease,0.2945,7.12 degrees,increase,1.0207,10.35 degrees,increase,1.3267,2.48 degrees,increase,0.4571,3.62 degrees,decrease,0.2616,3.16 degrees,increase,0.7642,6.12 degrees,decrease,0.3513,1.13 meters,decrease,0.4874,6.28 degrees,increase,0.194,0.43 meters,decrease,0.1436,0.08 meters,decrease,0.3446,1.04 meters
T0031,0.3933096432276621,0.913323064139398,-0.1055864814033986,61.12619861969802,103.19981620339004,21.382864719963862,35.50192351834912,30.25958801215516,63.18645584660855,11.479890190584536,59.62722277448298,4.515151515151542,-1.212121212121213,10.484848484848486,1,0.013934493,0.9860655,increase,0.0734,0.04 meters,increase,0.1273,0.09 meters,increase,1.6067,0.01 meters,increase,0.4157,6.11 degrees,increase,0.8997,10.32 degrees,increase,0.4546,2.14 degrees,increase,0.1755,3.55 degrees,decrease,0.0156,3.03 degrees,decrease,0.2357,6.32 degrees,decrease,0.1543,1.15 meters,decrease,0.2466,5.96 degrees,increase,0.1696,0.45 meters,decrease,0.0521,0.12 meters,decrease,0.1522,1.05 meters
T0032,0.14112673768225847,0.987887163775806,-0.0645150800833175,65.58606948445563,106.9663685568328,28.286547045004777,32.394667375935576,30.23448863860941,63.14005222743492,7.515273703796506,83.34354193146136,1.060606060606065,-0.4848484848484818,7.424242424242427,1,0.16017896,0.83982104,increase,0.0263,0.01 meters,decrease,0.2004,0.10 meters,decrease,0.0584,0.01 meters,increase,1.0312,6.56 degrees,decrease,1.3438,10.70 degrees,decrease,0.2197,2.83 degrees,decrease,0.0239,3.24 degrees,increase,0.0466,3.02 degrees,decrease,0.1739,6.31 degrees,increase,0.4752,0.75 meters,increase,0.371,8.33 degrees,increase,0.2045,0.11 meters,increase,0.1123,0.05 meters,increase,0.2167,0.74 meters
T0033,0.2926322539408029,0.949429090563495,-0.1138014320880903,64.19068301358779,105.60045784847152,26.89168507758936,35.758354028533454,31.42657985857657,62.9449763675958,9.319795376433204,59.14812647925581,2.727272727272722,-1.0606060606060614,8.848484848484842,1,0.031324387,0.9686756,decrease,0.0341,0.03 meters,increase,0.2457,0.09 meters,increase,1.3252,0.01 meters,increase,0.9081,6.42 degrees,decrease,0.3094,10.56 degrees,decrease,0.3294,2.69 degrees,increase,0.4728,3.58 degrees,decrease,0.1658,3.14 degrees,decrease,0.08,6.29 degrees,increase,0.0696,0.93 meters,increase,0.1498,5.91 degrees,increase,0.1136,0.27 meters,decrease,0.119,0.11 meters,decrease,0.009,0.88 meters
T0034,0.4702551067626918,0.8817283251800504,-0.0376204085410155,65.40217131784338,104.52334200042075,27.522187542717692,33.564604048809954,28.507646559408748,63.68588630864247,12.887911207021608,57.1429777557384,6.060606060606038,-0.4848484848484852,11.363636363636363,1,0.25928402,0.740716,increase,0.0565,0.05 meters,increase,0.0755,0.09 meters,decrease,0.5355,0.00 meters,increase,1.1064,6.54 degrees,decrease,0.2424,10.45 degrees,decrease,0.2747,2.75 degrees,increase,0.0775,3.36 degrees,increase,0.4564,2.85 degrees,decrease,0.1186,6.37 degrees,decrease,0.5289,1.29 meters,increase,0.3796,5.71 degrees,decrease,0.3903,0.61 meters,increase,0.1786,0.05 meters,decrease,0.3837,1.14 meters
T0035,0.1601474034479744,0.9648881057740648,-0.2081916244823713,64.77766467527877,100.72560013186931,24.68438282560576,36.08333200733522,28.740167026822466,64.45822336714663,7.568784669774286,63.69562144127784,1.2121212121211862,-1.575757575757577,7.303030303030292,1,0.021960557,0.97803944,increase,0.0034,0.02 meters,decrease,0.4426,0.10 meters,increase,1.0229,0.02 meters,increase,0.7631,6.48 degrees,increase,0.6441,10.07 degrees,increase,0.1561,2.47 degrees,increase,0.3808,3.61 degrees,increase,0.0366,2.87 degrees,decrease,0.5481,6.45 degrees,increase,0.2529,0.76 meters,increase,0.2183,6.37 degrees,increase,0.1937,0.12 meters,decrease,0.173,0.16 meters,increase,0.0948,0.73 meters
T0036,0.3349557285688243,0.9420629865998038,0.017944056887615294,68.98203365514267,103.6456174200372,26.977794065061943,36.68965571166783,33.96951075049717,63.57812977284632,10.132501415756764,63.72884930639562,3.3939393939394504,0.18181818181818188,9.545454545454556,1,0.040718675,0.9592813,decrease,0.0085,0.03 meters,increase,0.2171,0.09 meters,decrease,0.4239,0.00 meters,decrease,0.1361,6.90 degrees,increase,0.9528,10.36 degrees,decrease,0.3653,2.70 degrees,increase,0.5322,3.67 degrees,increase,0.0064,3.40 degrees,decrease,0.1897,6.36 degrees,increase,0.1504,1.01 meters,increase,0.6202,6.37 degrees,increase,0.1636,0.34 meters,increase,0.2206,0.02 meters,increase,0.2263,0.95 meters
T0037,0.2060132691008145,0.9748842198521132,-0.0846125926664096,63.81407002859959,104.03863912155856,18.47715231552975,39.011713900055646,29.65838437082369,65.55048782086222,7.9949162047583,66.68032903768163,1.6470588235293349,-0.6764705882352914,7.794117647058814,1,0.02070427,0.97929573,increase,0.0056,0.02 meters,decrease,0.4336,0.10 meters,increase,0.687,0.01 meters,increase,0.8091,6.38 degrees,increase,0.9165,10.40 degrees,increase,0.0837,1.85 degrees,increase,0.3136,3.90 degrees,decrease,0.1759,2.97 degrees,decrease,0.5927,6.56 degrees,increase,0.2184,0.80 meters,increase,0.3029,6.67 degrees,increase,0.2878,0.16 meters,increase,0.0353,0.07 meters,increase,0.2052,0.78 meters
T0038,0.2011420329906513,0.9794742476066602,-0.013117958673303502,69.79517781711418,104.34355432684912,23.235431055554628,37.59642933706496,31.77731809559694,63.314895861803,6.93012481386306,81.16682791868512,1.393939393939375,-0.09090909090909094,6.787878787878767,1,0.48528403,0.51471597,decrease,0.0011,0.02 meters,decrease,0.4308,0.10 meters,decrease,0.8133,0.00 meters,decrease,0.2284,6.98 degrees,decrease,0.7022,10.43 degrees,increase,0.3482,2.32 degrees,increase,0.388,3.76 degrees,decrease,0.2676,3.18 degrees,decrease,0.7277,6.33 degrees,increase,0.2937,0.69 meters,increase,0.4786,8.12 degrees,increase,0.0982,0.14 meters,increase,0.2314,0.01 meters,increase,0.1983,0.68 meters
T0039,0.4208813928491017,0.9055326937056272,0.05356672272624841,73.00952961471934,103.21548349095238,23.78076879111435,35.64576744086065,30.73797451034398,63.14702035181554,11.53042462537798,61.7218568514358,4.852941176470667,0.61764705882353,10.44117647058822,1,0.13864625,0.86135375,increase,0.0875,0.04 meters,increase,0.1368,0.09 meters,decrease,0.5317,0.01 meters,decrease,0.1696,7.30 degrees,increase,0.798,10.32 degrees,increase,1.2012,2.38 degrees,increase,0.4342,3.56 degrees,decrease,0.179,3.07 degrees,decrease,0.3743,6.31 degrees,decrease,0.2855,1.15 meters,decrease,0.3108,6.17 degrees,decrease,0.3153,0.49 meters,increase,0.3334,0.06 meters,decrease,0.1915,1.04 meters
T0040,0.04571735437439439,0.9791133395182432,-0.1981085356223683,67.27722829325123,107.65702522416495,23.86338493813838,35.7944779713829,32.78450702901408,58.84598230088572,7.954011526092246,68.43882176674018,0.3636363636363775,-1.575757575757574,7.787878787878777,0,0.760351,0.23964898,increase,0.0214,0.00 meters,decrease,0.2327,0.10 meters,increase,0.4695,0.02 meters,decrease,0.4818,6.73 degrees,decrease,2.0918,10.77 degrees,increase,0.4958,2.39 degrees,increase,0.1684,3.58 degrees,decrease,0.0852,3.28 degrees,decrease,0.6936,5.88 degrees,increase,0.1904,0.80 meters,decrease,0.0044,6.84 degrees,increase,0.0524,0.04 meters,decrease,0.1985,0.16 meters,increase,0.0421,0.78 meters
T0041,0.227346400088198,0.973728921132457,-0.012868664155935503,74.07694063610985,104.05067399463208,18.5593512191124,33.25479743332457,31.744684294943585,61.37690202757825,7.064376675582137,77.85759544468635,1.6060606060606313,-0.09090909090909094,6.878787878787888,1,0.0489735,0.9510265,increase,0.0103,0.02 meters,decrease,0.2969,0.10 meters,decrease,0.9221,0.00 meters,decrease,0.532,7.41 degrees,increase,0.8525,10.41 degrees,increase,1.0799,1.86 degrees,decrease,0.0771,3.33 degrees,decrease,0.2489,3.17 degrees,increase,0.5725,6.14 degrees,increase,0.2989,0.71 meters,increase,0.4875,7.79 degrees,increase,0.1475,0.16 meters,increase,0.2228,0.01 meters,increase,0.1779,0.69 meters
T0042,0.4689209719626846,0.8829438789151114,-0.022874193754277496,63.54648970611189,105.50053840664268,23.99308503559295,41.62367343808187,27.666952770427365,62.32319117568649,13.24769328639774,60.007639516887686,6.21212121212116,-0.3030303030303032,11.6969696969697,1,0.06645703,0.93354297,increase,0.0454,0.05 meters,increase,0.0545,0.09 meters,decrease,0.7006,0.00 meters,increase,0.9186,6.35 degrees,increase,0.0363,10.55 degrees,increase,1.3104,2.40 degrees,decrease,0.636,4.16 degrees,increase,0.6624,2.77 degrees,increase,0.4653,6.23 degrees,decrease,0.5148,1.32 meters,increase,0.0927,6.00 degrees,decrease,0.3902,0.62 meters,increase,0.3188,0.03 meters,decrease,0.2138,1.17 meters
T0043,0.393323311526697,0.9187786730193942,-0.0338012220843255,71.56828541892891,102.38493318063496,28.03474128001921,39.12017723603326,34.8553405557924,63.18710620809885,9.8615763803377,63.46166689589094,3.878787878787882,-0.3333333333333336,9.060606060606071,1,0.4963169,0.5036831,increase,0.0459,0.04 meters,increase,0.1013,0.09 meters,decrease,0.6142,0.00 meters,decrease,0.3723,7.16 degrees,increase,0.5545,10.24 degrees,decrease,0.4196,2.80 degrees,increase,0.3945,3.91 degrees,decrease,0.5515,3.49 degrees,decrease,0.3599,6.32 degrees,increase,0.0845,0.99 meters,decrease,0.4975,6.35 degrees,increase,0.225,0.39 meters,increase,0.0936,0.03 meters,increase,0.137,0.91 meters
T0044,0.4053094883014473,0.9134586975151986,-0.0362963720866967,61.37847677887927,106.17463442026664,27.63813365102072,31.425878434541,29.731660302085128,63.53641213151764,9.72386925138306,63.73261108212046,3.941176470588245,-0.3529411764705885,8.882352941176459,1,0.13543355,0.86456645,increase,0.0667,0.04 meters,increase,0.1064,0.09 meters,decrease,0.1052,0.00 meters,increase,0.6412,6.14 degrees,decrease,0.64,10.62 degrees,decrease,0.2606,2.76 degrees,increase,0.0744,3.14 degrees,decrease,0.1804,2.97 degrees,decrease,0.1132,6.35 degrees,increase,0.1308,0.97 meters,increase,0.5699,6.37 degrees,increase,0.1902,0.39 meters,increase,0.1047,0.04 meters,increase,0.0755,0.89 meters
T0045,0.2253583350009243,0.9740063631395708,-0.0229177967797546,72.6535833469618,103.60475763522768,22.3228123518029,40.07453651403774,30.944474911503548,63.93222030049901,7.933493065040111,78.16829083628939,1.7878787878788198,-0.18181818181818188,7.727272727272724,1,0.21781862,0.7821814,increase,0.0142,0.02 meters,decrease,0.2774,0.10 meters,decrease,0.6055,0.00 meters,decrease,0.1887,7.27 degrees,increase,0.9602,10.36 degrees,increase,0.3449,2.23 degrees,decrease,0.3347,4.01 degrees,decrease,0.2601,3.09 degrees,decrease,1.0021,6.39 degrees,increase,0.2813,0.79 meters,increase,0.5464,7.82 degrees,increase,0.1929,0.18 meters,increase,0.2234,0.02 meters,increase,0.1901,0.77 meters
T0046,0.2864237879558591,0.95166613417592,-0.1108737243700101,63.956273906737486,103.98564115813988,28.14376365335081,39.16662615162554,30.235866200124292,63.55778793131376,9.549814759340432,60.65282321987154,2.735294117647058,-1.0588235294117656,9.088235294117652,1,0.005220771,0.9947792,decrease,0.0802,0.03 meters,increase,0.2457,0.10 meters,increase,1.7098,0.01 meters,increase,0.97,6.40 degrees,increase,0.8559,10.40 degrees,decrease,0.117,2.81 degrees,increase,0.4134,3.92 degrees,decrease,0.0263,3.02 degrees,decrease,0.2497,6.36 degrees,increase,0.0615,0.95 meters,decrease,0.0403,6.07 degrees,increase,0.194,0.27 meters,decrease,0.0087,0.11 meters,increase,0.1282,0.91 meters
T0047,0.3681986452063751,0.9297015791460894,0.009204966130159302,73.7879646478577,104.20356269321007,19.029666754871474,44.22204871650782,29.196357225337795,61.24232643465695,9.87609184255821,59.8135097414964,3.6363636363636656,0.09090909090909094,9.18181818181818,1,0.064757824,0.9352422,decrease,0.0828,0.04 meters,increase,0.0969,0.09 meters,decrease,0.1605,0.00 meters,decrease,0.3738,7.38 degrees,decrease,0.535,10.42 degrees,increase,1.329,1.90 degrees,decrease,0.4649,4.42 degrees,increase,0.2287,2.92 degrees,increase,0.8075,6.12 degrees,increase,0.1072,0.99 meters,increase,0.1355,5.98 degrees,increase,0.0861,0.36 meters,increase,0.1702,0.01 meters,increase,0.1325,0.92 meters
T0048,0.4247135291420589,0.8968810838865726,-0.1233804665664067,64.80506470862319,104.97248235624444,33.70953300411734,33.86968511883238,37.07819399819571,64.2102263290488,12.771531990515363,60.6291000461355,5.424242424242486,-1.5757575757575757,11.454545454545457,1,0.05319971,0.9468003,decrease,0.1295,0.04 meters,increase,0.0555,0.09 meters,increase,2.0964,0.01 meters,increase,0.8178,6.48 degrees,increase,0.0558,10.50 degrees,decrease,0.0828,3.37 degrees,increase,0.0776,3.39 degrees,decrease,0.2293,3.71 degrees,decrease,0.1901,6.42 degrees,decrease,0.2985,1.28 meters,decrease,0.0539,6.06 degrees,decrease,0.163,0.54 meters,decrease,0.0488,0.16 meters,decrease,0.2214,1.15 meters
T0049,0.12343308399017833,0.9918729963496918,0.030858270997546004,80.6475935371033,106.7654673942534,23.90426481396052,43.073141174981885,35.48466125816788,60.85484150215753,6.874047225072361,68.14056906516925,0.8484848484848087,0.21212121212121227,6.818181818181806,1,0.13703352,0.8629665,increase,0.0332,0.01 meters,decrease,0.1094,0.10 meters,decrease,0.3287,0.00 meters,decrease,0.6407,8.06 degrees,decrease,1.219,10.68 degrees,increase,1.2706,2.39 degrees,decrease,0.1243,4.31 degrees,decrease,0.1274,3.55 degrees,increase,0.7764,6.09 degrees,increase,0.3166,0.69 meters,increase,0.4279,6.81 degrees,increase,0.0926,0.08 meters,increase,0.1974,0.02 meters,increase,0.0815,0.68 meters
T0050,0.3045325449008106,0.9520649035320186,-0.028850451622182395,64.27749160016138,105.40361544159342,26.53075998365389,37.567895479789655,25.408379526083817,62.16419744816629,9.453137035732896,58.64437346841942,2.8787878787878443,-0.2727272727272729,8.999999999999991,1,0.04782331,0.9521767,decrease,0.0091,0.03 meters,increase,0.2706,0.10 meters,decrease,0.742,0.00 meters,increase,0.8634,6.43 degrees,decrease,0.034,10.54 degrees,decrease,0.5521,2.65 degrees,increase,0.4723,3.76 degrees,increase,0.7888,2.54 degrees,increase,0.2077,6.22 degrees,increase,0.2114,0.95 meters,increase,0.0989,5.86 degrees,increase,0.1952,0.29 meters,decrease,0.1802,0.03 meters,increase,0.207,0.90 meters
T0051,0.3857660800890115,0.9201042315636572,-0.0677697167723941,64.90647418951393,104.46764684550767,24.001009369166933,39.11110436709422,29.276473956926196,61.173841802690255,11.625823825188682,59.11282654532685,4.484848484848476,-0.7878787878787885,10.696969696969688,1,0.020622969,0.97937703,increase,0.0436,0.04 meters,increase,0.1399,0.09 meters,decrease,0.3445,0.01 meters,increase,0.99,6.49 degrees,decrease,0.4487,10.45 degrees,increase,0.9893,2.40 degrees,increase,0.3752,3.91 degrees,increase,0.3567,2.93 degrees,increase,0.7344,6.12 degrees,decrease,0.3234,1.16 meters,increase,0.2488,5.91 degrees,increase,0.1522,0.45 meters,increase,0.0244,0.08 meters,decrease,0.2708,1.07 meters
T0052,0.2806533849328103,0.9577296760832344,-0.0631470116098837,73.41511339732865,104.3327764271428,22.304117870307408,40.30767414247385,34.72701281203762,63.71942550990031,8.637852078009846,63.67918723944816,2.4242424242423724,-0.5454545454545459,8.272727272727263,0,0.9334548,0.06654519,decrease,0.0192,0.03 meters,decrease,0.1792,0.10 meters,decrease,0.7472,0.01 meters,decrease,0.7126,7.34 degrees,decrease,0.8668,10.43 degrees,increase,0.4341,2.23 degrees,decrease,0.7247,4.03 degrees,decrease,0.2947,3.47 degrees,decrease,0.6916,6.37 degrees,increase,0.2716,0.86 meters,decrease,0.4653,6.37 degrees,increase,0.0985,0.24 meters,decrease,0.1198,0.05 meters,increase,0.1825,0.83 meters
T0053,0.2769376156648272,0.9318136244722344,-0.2345824509160864,64.35190302489059,105.49743624637458,30.53856259315008,41.19686444277509,33.35233704951166,62.93555504737592,9.300858496864493,65.5250744389878,2.575757575757601,-2.1818181818181803,8.66666666666668,1,0.0882017,0.9117983,increase,0.0505,0.03 meters,increase,0.0694,0.09 meters,increase,1.1278,0.02 meters,increase,0.8775,6.44 degrees,decrease,0.1569,10.55 degrees,decrease,0.2553,3.05 degrees,decrease,0.8522,4.12 degrees,increase,0.082,3.34 degrees,decrease,0.2281,6.29 degrees,increase,0.0363,0.93 meters,increase,0.2706,6.55 degrees,increase,0.0977,0.26 meters,decrease,0.08,0.22 meters,increase,0.1032,0.87 meters
T0054,0.4427808158497381,0.8965623973106437,-0.011000765611173503,50.11655148015275,100.92306749214694,31.197685538972923,38.29279249676797,25.02592511191568,64.38431957024417,11.018516846591616,66.6419285081711,4.87878787878792,-0.12121212121212133,9.878787878787891,0,0.655976,0.344024,decrease,0.0916,0.04 meters,increase,0.0875,0.09 meters,decrease,1.0699,0.00 meters,decrease,0.3477,5.01 degrees,increase,0.3015,10.09 degrees,decrease,0.5552,3.12 degrees,increase,0.3495,3.83 degrees,increase,0.3855,2.50 degrees,decrease,0.2931,6.44 degrees,decrease,0.5112,1.10 meters,increase,0.6134,6.66 degrees,decrease,0.4672,0.49 meters,increase,0.0189,0.01 meters,decrease,0.2592,0.99 meters
T0055,0.1766663133343837,0.9469314394723498,-0.2685327962682786,68.75528736491567,104.69540980466012,33.083823261966664,34.505631567968884,32.72364626732848,63.44257534858729,8.5763464836878,64.81368350167253,1.515151515151429,-2.303030303030303,8.121212121212114,1,0.15113729,0.8488627,increase,0.0181,0.02 meters,increase,0.1518,0.09 meters,increase,1.0465,0.03 meters,decrease,0.4176,6.88 degrees,decrease,0.5959,10.47 degrees,increase,0.0191,3.31 degrees,increase,0.0362,3.45 degrees,decrease,0.0456,3.27 degrees,decrease,0.2184,6.34 degrees,increase,0.3923,0.86 meters,increase,0.1991,6.48 degrees,increase,0.0667,0.15 meters,decrease,0.2329,0.23 meters,increase,0.113,0.81 meters
T0056,0.4172410735548842,0.9057828368944566,-0.0739414560730169,67.12459935333226,102.79374289961385,30.520291324319256,40.87422534830314,31.99074867024959,63.25216039359274,11.475089801409554,63.00579430649318,4.787878787878825,-0.8484848484848492,10.393939393939393,0,0.98378795,0.01621207,increase,0.0484,0.04 meters,increase,0.0264,0.09 meters,decrease,1.0363,0.01 meters,decrease,0.4694,6.71 degrees,increase,0.384,10.28 degrees,decrease,0.4405,3.05 degrees,decrease,0.7232,4.09 degrees,decrease,0.37,3.20 degrees,decrease,0.3885,6.33 degrees,decrease,0.6413,1.15 meters,decrease,0.4956,6.30 degrees,decrease,0.5968,0.48 meters,decrease,0.2255,0.08 meters,decrease,0.3707,1.04 meters
T0057,0.3513980379642064,0.9301712769640484,-0.1063052887958911,63.2407066617501,103.0441136963369,25.905022143871776,38.86333708775056,28.247706767543097,61.74883134077019,9.96021497523731,57.532724368304166,3.5000000000000977,-1.0588235294117625,9.264705882352926,1,0.009613216,0.9903868,decrease,0.0496,0.04 meters,increase,0.1383,0.09 meters,increase,1.1307,0.01 meters,increase,1.054,6.32 degrees,increase,0.4946,10.30 degrees,decrease,0.3961,2.59 degrees,increase,0.4019,3.89 degrees,increase,0.1356,2.82 degrees,increase,0.1987,6.17 degrees,increase,0.0595,1.00 meters,decrease,0.0489,5.75 degrees,increase,0.1973,0.35 meters,decrease,0.06,0.11 meters,increase,0.1855,0.93 meters
T0058,0.188013691022827,0.980940996640851,-0.0490470498320425,72.62634878094369,105.10464388108689,29.416188504304912,38.772119624362965,33.4949489918222,62.039315204018905,7.414031320570875,67.03760418572438,1.393939393939375,-0.3636363636363639,7.272727272727279,1,0.078088105,0.9219119,increase,0.042,0.02 meters,decrease,0.4359,0.10 meters,decrease,0.3355,0.00 meters,decrease,0.3021,7.26 degrees,decrease,0.2386,10.51 degrees,decrease,0.1565,2.94 degrees,increase,0.3611,3.88 degrees,increase,0.0846,3.35 degrees,increase,0.4333,6.20 degrees,increase,0.7001,0.74 meters,increase,0.5899,6.70 degrees,increase,0.1214,0.14 meters,increase,0.1042,0.04 meters,increase,0.3073,0.73 meters
T0059,0.2201488984326991,0.9712451401442902,-0.0906495464134673,73.42733770675913,100.78082379292002,28.861174175117064,40.89453013440831,36.65581345189656,61.89040885545003,7.020042146279243,76.07882184239418,1.5454545454544961,-0.6363636363636369,6.818181818181806,1,0.07175022,0.9282498,increase,0.0638,0.02 meters,decrease,0.1014,0.10 meters,increase,0.8847,0.01 meters,decrease,0.832,7.34 degrees,increase,0.6953,10.08 degrees,decrease,0.2406,2.89 degrees,decrease,0.5852,4.09 degrees,decrease,0.1925,3.67 degrees,increase,0.3645,6.19 degrees,increase,0.5889,0.70 meters,increase,0.3864,7.61 degrees,increase,0.1448,0.15 meters,decrease,0.0358,0.06 meters,increase,0.2258,0.68 meters
T0060,0.4053940043225228,0.9127903710229854,-0.0496934585943745,61.05405975771399,104.08116173197702,29.82877022697813,35.07868585367473,30.440156652406053,62.32255276346638,11.245414290303096,60.78826190203287,4.558823529411693,-0.5588235294117652,10.264705882352946,0,0.9677127,0.032287303,increase,0.035,0.04 meters,increase,0.0436,0.09 meters,decrease,1.0526,0.00 meters,decrease,0.1382,6.11 degrees,decrease,0.5031,10.41 degrees,decrease,0.4196,2.98 degrees,decrease,0.2136,3.51 degrees,decrease,0.2516,3.04 degrees,increase,0.043,6.23 degrees,decrease,0.601,1.12 meters,decrease,0.6907,6.08 degrees,decrease,0.3881,0.46 meters,decrease,0.0586,0.06 meters,decrease,0.3981,1.03 meters
T0061,0.3494657628722303,0.93391712491714,-0.0753158971707372,68.78911762328458,101.93848031762792,23.650236052430667,43.36659884156682,31.21280809529959,63.33152104737934,9.76280101902239,60.048159315833736,3.411764705882447,-0.7352941176470594,9.117647058823517,0,0.79625374,0.20374624,decrease,0.0767,0.03 meters,increase,0.1053,0.09 meters,decrease,0.8253,0.01 meters,decrease,0.343,6.88 degrees,increase,0.4144,10.19 degrees,increase,0.5932,2.37 degrees,decrease,0.8382,4.34 degrees,decrease,0.4533,3.12 degrees,decrease,0.9429,6.33 degrees,increase,0.0415,0.98 meters,decrease,0.3036,6.00 degrees,increase,0.2097,0.34 meters,decrease,0.1603,0.07 meters,increase,0.0227,0.91 meters
T0062,0.2936259211339151,0.9131049986481424,-0.2828835093851107,38.878650357129565,99.32260248940668,22.202873472653614,41.6902335848571,26.04714286221372,60.48808130296791,8.462633255444883,68.53047663565964,2.484848484848507,-2.3939393939393927,7.727272727272724,1,0.025644004,0.974356,decrease,0.0812,0.03 meters,increase,0.0854,0.09 meters,increase,0.5999,0.03 meters,decrease,0.1043,3.89 degrees,increase,0.6914,9.93 degrees,increase,0.4428,2.22 degrees,decrease,0.522,4.17 degrees,increase,0.049,2.60 degrees,increase,0.5806,6.05 degrees,increase,0.2642,0.85 meters,increase,0.3304,6.85 degrees,increase,0.1724,0.25 meters,decrease,0.1403,0.24 meters,increase,0.0758,0.77 meters
T0063,0.4239436883415842,0.9044132017953675,-0.0480469513453789,62.56938311435501,102.45835319809773,30.773803574449023,36.22109541748264,29.72147011851585,60.194068344785855,10.721835636322057,59.91992039581704,4.54545454545461,-0.5151515151515156,9.696969696969704,1,0.023232639,0.97676736,decrease,0.1041,0.04 meters,increase,0.0879,0.09 meters,decrease,0.2916,0.00 meters,increase,1.1461,6.26 degrees,increase,0.4458,10.25 degrees,decrease,0.4465,3.08 degrees,increase,0.4436,3.62 degrees,increase,0.1267,2.97 degrees,increase,0.4274,6.02 degrees,increase,0.2049,1.07 meters,decrease,0.0044,5.99 degrees,increase,0.2508,0.45 meters,increase,0.0528,0.05 meters,increase,0.206,0.97 meters
T0064,0.1814192737034234,0.9164801240535044,-0.356582710382592,61.466076591565,103.30379501023228,29.08605613625196,39.58627927292255,35.21133700612079,60.56794613085154,9.687921915336087,63.14603831737975,1.7575757575757522,-3.454545454545454,8.878787878787882,1,0.010717154,0.98928285,increase,0.0576,0.02 meters,increase,0.0735,0.09 meters,increase,1.4245,0.04 meters,increase,0.7356,6.15 degrees,increase,1.0438,10.33 degrees,decrease,0.1365,2.91 degrees,decrease,0.1023,3.96 degrees,decrease,0.2202,3.52 degrees,increase,0.4019,6.06 degrees,increase,0.0656,0.97 meters,decrease,0.2807,6.31 degrees,increase,0.1715,0.18 meters,decrease,0.0007,0.35 meters,increase,0.0982,0.89 meters
T0065,0.4042187030374347,0.9108394775110068,-0.0835385319610687,67.1661869050766,101.85455563923828,23.888668622817427,35.62053074081793,30.342423625958556,63.821581944816494,11.245037677125136,61.97459936200247,4.54545454545461,-0.9393939393939402,10.242424242424244,1,0.06601006,0.93398994,increase,0.1042,0.04 meters,increase,0.1294,0.09 meters,increase,0.4655,0.01 meters,decrease,0.1968,6.72 degrees,increase,0.629,10.19 degrees,increase,0.7499,2.39 degrees,increase,0.4617,3.56 degrees,decrease,0.1407,3.03 degrees,decrease,0.2416,6.38 degrees,decrease,0.1548,1.12 meters,decrease,0.3065,6.20 degrees,increase,0.2634,0.45 meters,decrease,0.1186,0.09 meters,decrease,0.188,1.02 meters
T0066,0.4723637641266327,0.8769129284529151,-0.0888605100832285,52.626945808274094,103.8056662060318,28.760269445913494,39.91235517783473,29.325090738453238,62.135837219046905,12.9586826638359,59.89916831107202,6.121212121212066,-1.1515151515151492,11.363636363636363,1,0.17420769,0.8257923,decrease,0.0464,0.05 meters,increase,0.0562,0.09 meters,increase,1.1998,0.01 meters,decrease,0.1971,5.26 degrees,increase,0.7786,10.38 degrees,decrease,0.2585,2.88 degrees,decrease,0.0491,3.99 degrees,decrease,0.0663,2.93 degrees,increase,0.2906,6.21 degrees,decrease,0.5739,1.30 meters,decrease,0.0196,5.99 degrees,decrease,0.3726,0.61 meters,decrease,0.0263,0.12 meters,decrease,0.3529,1.14 meters
T0067,0.2929658806663072,0.954724105230192,-0.0516998612940537,73.04141634596394,98.62013758662188,23.799802882892003,44.39846400309206,31.40204006247601,60.67218472269928,8.533416909553248,64.1917972106602,2.500000000000025,-0.4411764705882356,8.147058823529415,1,0.054293334,0.94570667,decrease,0.0974,0.03 meters,decrease,0.2157,0.10 meters,decrease,0.3984,0.01 meters,decrease,0.7406,7.30 degrees,increase,0.63,9.86 degrees,increase,0.9912,2.38 degrees,decrease,0.4476,4.44 degrees,decrease,0.2196,3.14 degrees,increase,0.9372,6.07 degrees,increase,0.3066,0.85 meters,increase,0.4958,6.42 degrees,increase,0.2004,0.25 meters,increase,0.0485,0.04 meters,increase,0.1739,0.81 meters
T0068,0.1763091647225546,0.9737074324450083,-0.1442529529548155,76.71103817014084,103.3516377801724,27.676025357723017,42.05646360740888,33.54101154432182,62.30916851046364,7.340047518773624,66.83587639153183,1.2941176470588376,-1.0588235294117625,7.147058823529421,1,0.020301104,0.9796989,increase,0.0638,0.02 meters,decrease,0.2737,0.10 meters,increase,1.4075,0.01 meters,decrease,0.6228,7.67 degrees,increase,1.0352,10.34 degrees,decrease,0.2401,2.77 degrees,decrease,0.3187,4.21 degrees,increase,0.1283,3.35 degrees,increase,0.4745,6.23 degrees,increase,0.5474,0.73 meters,increase,0.319,6.68 degrees,increase,0.1448,0.13 meters,decrease,0.0696,0.11 meters,increase,0.0876,0.71 meters
T0069,0.09479500954231368,0.9953476001943634,-0.017235456280421897,79.45961733578133,103.91547236958276,20.18421209859833,43.98851696790883,33.17174733369985,62.25901573491425,6.825874343527948,66.49700245939177,0.6470588235293673,-0.1176470588235295,6.794117647058819,1,0.023942947,0.97605705,increase,0.0447,0.01 meters,decrease,0.2764,0.10 meters,decrease,0.5213,0.00 meters,decrease,0.5629,7.95 degrees,increase,0.8815,10.39 degrees,increase,1.0811,2.02 degrees,decrease,0.3199,4.40 degrees,increase,0.082,3.32 degrees,increase,0.6963,6.23 degrees,increase,0.3376,0.68 meters,increase,0.5024,6.65 degrees,increase,0.1929,0.06 meters,increase,0.1799,0.01 meters,increase,0.1966,0.68 meters
T0070,0.4371423209955057,0.8989819482619457,-0.0271670368980257,57.939037358158046,102.64244364876365,28.61654618700024,41.26469822468352,27.83241990211353,62.08347503681832,12.269771436043357,60.85586877490876,5.363636363636352,-0.3333333333333319,11.030303030303026,0,0.9666008,0.033399235,decrease,0.1768,0.04 meters,increase,0.0179,0.09 meters,decrease,1.2077,0.00 meters,decrease,0.3389,5.79 degrees,increase,0.3052,10.26 degrees,decrease,0.751,2.86 degrees,decrease,0.4326,4.13 degrees,increase,0.206,2.78 degrees,increase,0.2267,6.21 degrees,decrease,0.8251,1.23 meters,decrease,0.6766,6.09 degrees,decrease,0.5867,0.54 meters,increase,0.0397,0.03 meters,decrease,0.3586,1.10 meters
T0071,0.4296207402136529,0.9027473781704732,-0.021752948871577298,61.41916592752611,102.7967470785664,34.506269609985004,43.055686890241375,31.954082985194507,62.45100802105736,11.144431215070478,59.148835463527625,4.787878787878718,-0.2424242424242392,10.060606060606055,0,0.97608095,0.023919042,decrease,0.1653,0.04 meters,increase,0.0362,0.09 meters,decrease,1.4552,0.00 meters,increase,0.1068,6.14 degrees,increase,0.1937,10.28 degrees,decrease,0.639,3.45 degrees,decrease,0.6128,4.31 degrees,decrease,0.2733,3.20 degrees,decrease,0.3285,6.25 degrees,decrease,0.4041,1.11 meters,decrease,0.1997,5.91 degrees,decrease,0.5845,0.48 meters,decrease,0.24,0.02 meters,decrease,0.3366,1.01 meters
T0072,0.2708443139884267,0.9589352738508936,-0.0841813408342385,74.06199295406645,100.94227939295436,24.42593174406148,37.27389560228433,31.103018892707397,64.69293552308858,8.035873288919564,63.28619587128387,2.176470588235341,-0.6764705882352914,7.705882352941163,1,0.06973654,0.93026346,decrease,0.008,0.03 meters,decrease,0.4317,0.10 meters,increase,1.1064,0.01 meters,decrease,0.5352,7.41 degrees,increase,0.7124,10.09 degrees,increase,0.4696,2.44 degrees,increase,0.403,3.73 degrees,decrease,0.1183,3.11 degrees,decrease,0.5629,6.47 degrees,increase,0.2206,0.80 meters,decrease,0.2362,6.33 degrees,increase,0.2217,0.22 meters,decrease,0.0416,0.07 meters,increase,0.1977,0.77 meters
T0073,0.2232138229161724,0.9633438673223904,-0.1488092152774428,67.648301314336,104.68018846897864,28.499847115883355,39.92451127063287,32.65286589279441,61.502450769466286,7.73819786206281,79.31881328536106,1.7272727272727924,-1.1515151515151525,7.454545454545441,1,0.20013952,0.7998605,increase,0.0415,0.02 meters,decrease,0.3084,0.10 meters,increase,1.0273,0.01 meters,decrease,0.5139,6.76 degrees,decrease,0.7292,10.47 degrees,decrease,0.245,2.85 degrees,decrease,0.1698,3.99 degrees,decrease,0.0481,3.27 degrees,increase,0.3918,6.15 degrees,increase,0.5668,0.77 meters,increase,0.232,7.93 degrees,increase,0.0705,0.17 meters,decrease,0.2088,0.12 meters,increase,0.0853,0.75 meters
T0074,0.4258865432838811,0.9018773857776168,-0.0723728766364752,67.66179082334914,101.11041766392084,27.359917245575936,40.17924494341938,31.46649223794288,61.36954611554455,10.886382088088814,57.64441840220131,4.636363636363704,-0.7878787878787852,9.818181818181811,0,0.9707127,0.029287303,decrease,0.1461,0.04 meters,increase,0.0066,0.09 meters,decrease,0.9973,0.01 meters,decrease,0.6012,6.77 degrees,increase,0.3087,10.11 degrees,decrease,0.7348,2.74 degrees,decrease,0.8553,4.02 degrees,decrease,0.4387,3.15 degrees,increase,0.1,6.14 degrees,decrease,0.5783,1.09 meters,decrease,0.1028,5.76 degrees,decrease,0.5977,0.46 meters,decrease,0.2009,0.08 meters,increase,0.1436,0.98 meters
T0075,0.2827403781552244,0.955467484800415,-0.0844971245061593,65.78841677101684,102.15225126049134,22.822861181102013,33.09995748799577,33.261892966458184,63.44459670870723,9.050081725529006,62.21767616327447,2.558823529411757,-0.7647058823529418,8.647058823529399,1,0.025212944,0.97478706,decrease,0.0088,0.03 meters,decrease,0.1594,0.10 meters,increase,1.0014,0.01 meters,increase,0.5806,6.58 degrees,increase,0.5975,10.22 degrees,increase,0.2244,2.28 degrees,increase,0.0193,3.31 degrees,increase,0.0486,3.33 degrees,decrease,0.4005,6.34 degrees,increase,0.1921,0.91 meters,decrease,0.1584,6.22 degrees,increase,0.2776,0.26 meters,increase,0.0047,0.08 meters,increase,0.2423,0.86 meters
T0076,0.3890953242700962,0.9211914942121016,0.003325601062137494,58.3762736650771,106.11350687943424,26.094175735177757,36.01002286814376,26.20615683192159,64.32355654707247,9.11204613446715,63.72854572146289,3.545454545454572,0.030303030303030276,8.393939393939398,1,0.14299679,0.8570032,increase,0.06,0.04 meters,increase,0.1068,0.09 meters,decrease,0.5547,0.00 meters,decrease,0.1654,5.84 degrees,decrease,0.7245,10.61 degrees,decrease,0.2521,2.61 degrees,increase,0.4647,3.60 degrees,increase,0.2776,2.62 degrees,decrease,0.2827,6.43 degrees,increase,0.4841,0.91 meters,increase,0.6937,6.37 degrees,increase,0.1654,0.35 meters,increase,0.0759,0.00 meters,increase,0.2484,0.84 meters
T0077,0.4033826437167442,0.9117552905926364,-0.0773610549593749,59.35378445519975,103.25529496349424,28.900349084322205,39.42160871482457,28.12233944899421,63.20886825563799,10.645271218149338,58.989374610302,4.294117647058847,-0.8235294117647033,9.705882352941178,1,0.24936885,0.75063115,increase,0.0465,0.04 meters,increase,0.0965,0.09 meters,decrease,0.4604,0.01 meters,decrease,0.4453,5.94 degrees,increase,0.7748,10.33 degrees,decrease,0.0755,2.89 degrees,decrease,0.1112,3.94 degrees,increase,0.2235,2.81 degrees,decrease,0.3971,6.32 degrees,increase,0.1845,1.06 meters,decrease,0.1398,5.90 degrees,increase,0.2249,0.43 meters,decrease,0.1526,0.08 meters,increase,0.1398,0.97 meters
T0078,0.3966954850839495,0.9171599615140932,-0.0380827665680591,70.79263858155551,104.8744722778897,29.723149829113627,39.54607070881199,31.45014051419278,63.73601572831742,9.267739932702463,59.275216665118094,3.676470588235294,-0.3529411764705885,8.500000000000016,1,0.45342463,0.54657537,increase,0.0517,0.04 meters,increase,0.092,0.09 meters,decrease,0.601,0.00 meters,decrease,0.3172,7.08 degrees,decrease,0.2348,10.49 degrees,decrease,0.0982,2.97 degrees,decrease,0.2184,3.95 degrees,decrease,0.3972,3.15 degrees,decrease,0.1716,6.37 degrees,increase,0.338,0.93 meters,increase,0.0285,5.93 degrees,increase,0.1091,0.37 meters,increase,0.1965,0.04 meters,increase,0.2162,0.85 meters
T0079,0.4024221923148925,0.9145958916247698,-0.0396324886370734,64.86545027181326,104.03666980222572,32.36944532727315,38.89600370393067,29.951821659503118,60.46157681094324,9.939809673493263,57.97788878405613,3.999999999999936,-0.3939393939393942,9.090909090909085,1,0.019569457,0.98043054,increase,0.0481,0.04 meters,increase,0.0942,0.09 meters,decrease,0.2851,0.00 meters,increase,1.0621,6.49 degrees,increase,0.7532,10.40 degrees,decrease,0.5225,3.24 degrees,increase,0.4609,3.89 degrees,increase,0.1927,3.00 degrees,increase,0.36,6.05 degrees,increase,0.191,0.99 meters,decrease,0.0937,5.80 degrees,increase,0.2508,0.40 meters,increase,0.0982,0.04 meters,increase,0.1108,0.91 meters
T0080,0.4492425189343427,0.8933508376523072,-0.010268400432785103,60.57560679220183,106.56378373995398,26.78265575840437,40.66088830954641,30.00075063633013,60.81804509591032,11.457194291713016,59.36573459848566,5.147058823529328,-0.1176470588235295,10.235294117647054,0,0.98501724,0.014982744,decrease,0.1259,0.04 meters,increase,0.0099,0.09 meters,decrease,0.9785,0.00 meters,decrease,0.3086,6.06 degrees,decrease,1.2155,10.66 degrees,decrease,0.9214,2.68 degrees,decrease,0.4153,4.07 degrees,increase,0.0036,3.00 degrees,increase,0.2773,6.08 degrees,decrease,0.5212,1.15 meters,decrease,0.3615,5.94 degrees,decrease,0.3299,0.51 meters,decrease,0.1906,0.01 meters,decrease,0.3015,1.02 meters
T0081,0.0853656949627889,0.9518274988351166,-0.2945116476216284,49.86875695759294,101.8836601795872,21.799595937115736,35.18575509588233,21.979190367270903,60.58170029631126,6.890769112511146,80.73430062185967,0.5882352941176343,-2.029411764705884,6.558823529411759,1,0.026593626,0.9734064,increase,0.0127,0.01 meters,increase,0.1092,0.10 meters,increase,0.6402,0.03 meters,decrease,0.3104,4.99 degrees,increase,0.6377,10.19 degrees,increase,0.369,2.18 degrees,decrease,0.2618,3.52 degrees,increase,0.0333,2.20 degrees,increase,0.4791,6.06 degrees,increase,0.2796,0.69 meters,increase,0.2981,8.07 degrees,increase,0.1841,0.06 meters,decrease,0.1695,0.20 meters,increase,0.1054,0.66 meters
T0082,0.4699587641019905,0.8823245424071657,-0.025340913750597403,61.86661629042039,101.20504031058908,22.63576139843361,42.343069887888745,25.035678483388345,61.14707626618284,13.153958717272952,62.335394450485005,6.1818181818182,-0.3333333333333336,11.606060606060606,1,0.10448575,0.89551425,increase,0.0244,0.05 meters,increase,0.0581,0.09 meters,decrease,0.6593,0.00 meters,increase,0.3658,6.19 degrees,increase,0.2972,10.12 degrees,increase,1.3483,2.26 degrees,decrease,0.2904,4.23 degrees,increase,0.5097,2.50 degrees,increase,0.7858,6.11 degrees,decrease,0.5063,1.32 meters,decrease,0.3633,6.23 degrees,decrease,0.5882,0.62 meters,increase,0.2022,0.03 meters,decrease,0.2289,1.16 meters
T0083,0.3995415415571074,0.9059668076071986,-0.1399667820741457,65.87060395526781,104.16776270091331,28.232921060679267,37.62927633136563,30.31409214253701,60.14629211770498,11.907587228688074,59.30647348537218,4.757575757575758,-1.6666666666666647,10.787878787878784,1,0.03789413,0.9621059,increase,0.0402,0.04 meters,increase,0.1164,0.09 meters,increase,1.95,0.01 meters,increase,0.5711,6.59 degrees,decrease,0.2604,10.42 degrees,decrease,0.239,2.82 degrees,increase,0.359,3.76 degrees,decrease,0.0506,3.03 degrees,increase,0.2176,6.01 degrees,decrease,0.2987,1.19 meters,increase,0.1724,5.93 degrees,decrease,0.1718,0.48 meters,decrease,0.1696,0.17 meters,decrease,0.1956,1.08 meters
T0084,0.4205151606755668,0.901103915733354,-0.1057295261127136,61.21972905185742,104.6881715758654,28.475589759891108,39.06104952181876,29.434746910345503,60.48673220266591,12.610794565672473,57.50289873108243,5.303030303030324,-1.3333333333333344,11.363636363636363,1,0.08124226,0.91875774,increase,0.0395,0.04 meters,increase,0.0862,0.09 meters,increase,1.7066,0.01 meters,increase,0.534,6.12 degrees,decrease,0.2801,10.47 degrees,decrease,0.275,2.85 degrees,increase,0.2533,3.91 degrees,decrease,0.1685,2.94 degrees,increase,0.2142,6.05 degrees,decrease,0.4922,1.26 meters,increase,0.1162,5.75 degrees,decrease,0.1893,0.53 meters,decrease,0.0532,0.13 meters,decrease,0.2595,1.14 meters
T0085,0.332309265373027,0.9415429185569092,-0.055384877562171,59.9831410626913,103.18521348818904,27.604621337204257,39.27380843019156,26.529821600435454,59.538497232868366,9.30130277119858,58.789366955826864,3.0909090909091,-0.5151515151515156,8.757575757575776,1,0.05861348,0.9413865,decrease,0.0169,0.03 meters,increase,0.2469,0.09 meters,decrease,0.2865,0.01 meters,decrease,0.3635,6.00 degrees,increase,0.811,10.32 degrees,decrease,0.3221,2.76 degrees,increase,0.3591,3.93 degrees,increase,0.5082,2.65 degrees,increase,0.1247,5.95 degrees,increase,0.2012,0.93 meters,decrease,0.1439,5.88 degrees,increase,0.2921,0.31 meters,increase,0.0431,0.05 meters,increase,0.1296,0.88 meters
T0086,0.3017519697746665,0.9425860499147016,-0.1430988722642782,55.98676253478708,104.4307822094416,29.840183619353617,41.002350036881886,31.312305699597687,61.06461808407298,9.741092797468283,62.23967501516913,2.939393939393871,-1.3939393939393951,9.18181818181818,1,0.11217618,0.8878238,decrease,0.0198,0.03 meters,increase,0.1911,0.09 meters,increase,1.4647,0.01 meters,increase,0.0014,5.60 degrees,decrease,0.5356,10.44 degrees,decrease,0.1419,2.98 degrees,decrease,0.6489,4.10 degrees,decrease,0.0218,3.13 degrees,increase,0.4732,6.11 degrees,increase,0.0619,0.97 meters,decrease,0.1046,6.22 degrees,increase,0.074,0.29 meters,decrease,0.0573,0.14 meters,increase,0.1389,0.92 meters
T0087,0.391503063859914,0.9200322000707906,0.016312627660829603,57.95316669670807,102.13151713168328,37.87109829636807,47.49279342050863,30.201639406767548,60.30839071804113,9.28821246125628,60.9678479234421,3.6363636363636656,0.1515151515151517,8.545454545454547,0,0.54644775,0.45355222,increase,0.0274,0.04 meters,increase,0.0231,0.09 meters,decrease,0.8845,0.00 meters,decrease,0.2087,5.80 degrees,increase,0.4631,10.21 degrees,decrease,0.7214,3.79 degrees,decrease,0.5734,4.75 degrees,increase,0.0335,3.02 degrees,increase,0.4992,6.03 degrees,increase,0.1456,0.93 meters,decrease,0.6054,6.10 degrees,increase,0.2126,0.36 meters,increase,0.0682,0.02 meters,increase,0.141,0.85 meters
T0088,0.1469648626407895,0.9646924316933516,-0.2185631290555245,66.93524252240307,105.72420947184864,30.53834100969418,36.42444307724092,33.422984790528766,60.45244024545107,7.804986871814989,64.69836025115164,1.1470588235294552,-1.7058823529411749,7.529411764705888,1,0.08665115,0.91334885,increase,0.0317,0.01 meters,decrease,0.3448,0.10 meters,increase,0.8627,0.02 meters,decrease,0.2848,6.69 degrees,decrease,0.5428,10.57 degrees,decrease,0.1137,3.05 degrees,increase,0.3165,3.64 degrees,increase,0.1311,3.34 degrees,increase,0.2692,6.05 degrees,increase,0.5483,0.78 meters,increase,0.2594,6.47 degrees,increase,0.1232,0.11 meters,decrease,0.2084,0.17 meters,increase,0.1144,0.75 meters
T0089,0.4972056485932742,0.8670482739015594,-0.0318407558212437,65.27496058153034,101.5317710732002,27.25690999071896,35.57650234014486,35.89706217197935,62.56338723527404,12.372174710644376,61.28423759775296,6.151515151515241,-0.3939393939393942,10.72727272727273,0,0.95061034,0.04938967,decrease,0.0186,0.05 meters,increase,0.0698,0.09 meters,decrease,1.385,0.00 meters,increase,0.5786,6.53 degrees,increase,0.277,10.15 degrees,decrease,0.6804,2.73 degrees,increase,0.1096,3.56 degrees,decrease,0.5278,3.59 degrees,decrease,0.1604,6.26 degrees,decrease,0.6601,1.24 meters,decrease,0.7117,6.13 degrees,decrease,0.6016,0.62 meters,decrease,0.0093,0.04 meters,decrease,0.431,1.07 meters
T0090,0.4468919818300341,0.893783963660073,-0.0379181075492152,49.210644606018576,102.84582263427428,24.45185599357278,41.88462638805764,26.667615179240894,59.70576549308297,11.188386015620257,60.6306730363912,4.999999999999974,-0.4242424242424246,10.000000000000002,1,0.25924075,0.74075925,decrease,0.1239,0.04 meters,increase,0.078,0.09 meters,decrease,0.5983,0.00 meters,decrease,0.4069,4.92 degrees,increase,0.2811,10.28 degrees,increase,1.2721,2.45 degrees,decrease,0.4881,4.19 degrees,increase,0.4155,2.67 degrees,increase,0.6286,5.97 degrees,decrease,0.3279,1.12 meters,decrease,0.3196,6.06 degrees,decrease,0.6064,0.50 meters,increase,0.1051,0.04 meters,decrease,0.0528,1.00 meters
T0091,0.4814186844763873,0.8727087567905244,-0.0813355768293433,58.8733796074754,104.234442096559,25.9775784290233,34.63357665889482,26.69669652192925,61.00850425278396,13.785014687541011,58.65143544076111,6.636363636363672,-1.1212121212121189,12.030303030303036,0,0.8540965,0.14590353,increase,0.0508,0.05 meters,increase,0.05,0.09 meters,decrease,0.2714,0.01 meters,decrease,0.6267,5.89 degrees,decrease,0.364,10.42 degrees,decrease,0.5674,2.60 degrees,decrease,0.1214,3.46 degrees,increase,0.0786,2.67 degrees,increase,0.168,6.10 degrees,decrease,0.354,1.38 meters,decrease,0.1178,5.87 degrees,decrease,0.403,0.66 meters,decrease,0.1523,0.11 meters,decrease,0.3301,1.20 meters
T0092,0.3543351824474841,0.9338834045861768,-0.0480454484674561,70.11695439182922,102.25310078290774,28.12789705467595,37.46211054513961,31.84473762708189,61.53622447474938,9.79464757442891,60.4415286092327,3.4705882352940747,-0.470588235294118,9.14705882352941,1,0.34383065,0.65616935,decrease,0.0696,0.04 meters,increase,0.1409,0.09 meters,decrease,0.692,0.00 meters,decrease,0.3397,7.01 degrees,increase,0.5389,10.23 degrees,decrease,0.532,2.81 degrees,increase,0.4976,3.75 degrees,decrease,0.38,3.18 degrees,increase,0.2145,6.15 degrees,increase,0.1483,0.98 meters,decrease,0.4071,6.04 degrees,increase,0.235,0.35 meters,decrease,0.0126,0.05 meters,increase,0.1108,0.91 meters
T0093,0.10122246983337616,0.9892195915535176,-0.1058234911894462,55.21450465611159,100.82544278865085,28.47648019748852,36.5567112171648,27.15776866873753,62.58128457358454,6.586152933869622,60.25243433703553,0.6666666666666199,-0.6969696969696976,6.51515151515151,1,0.028941214,0.9710588,increase,0.0697,0.01 meters,decrease,0.3269,0.10 meters,increase,1.432,0.01 meters,decrease,0.335,5.52 degrees,increase,0.5259,10.08 degrees,decrease,0.1932,2.85 degrees,increase,0.3931,3.66 degrees,increase,0.037,2.72 degrees,increase,0.0193,6.26 degrees,increase,0.4099,0.66 meters,decrease,0.0942,6.03 degrees,increase,0.194,0.07 meters,increase,0.0602,0.07 meters,increase,0.1277,0.65 meters
T0094,0.2720678208412761,0.9575373954283656,-0.0954004047105748,71.23485814102179,105.1373840116221,28.19600664730949,39.714425108282384,32.79278840026401,60.40460954093668,8.576292948274277,61.46867445734544,2.333333333333386,-0.8181818181818155,8.21212121212121,1,0.35700577,0.6429942,increase,0.0815,0.03 meters,decrease,0.2488,0.10 meters,increase,0.785,0.01 meters,decrease,0.4985,7.12 degrees,decrease,0.4178,10.51 degrees,decrease,0.3673,2.82 degrees,decrease,0.1509,3.97 degrees,decrease,0.1024,3.28 degrees,increase,0.2717,6.04 degrees,increase,0.4472,0.86 meters,decrease,0.4452,6.15 degrees,increase,0.0567,0.23 meters,decrease,0.2434,0.08 meters,increase,0.227,0.82 meters
T0095,0.4437943587531516,0.8955610712563506,-0.0318894150002261,67.22763239369446,106.3600041284698,27.967937404252343,36.15695347615375,28.470468632603,60.652687611147854,11.40304278500514,61.90561267483654,5.0606060606061085,-0.3636363636363639,10.212121212121204,0,0.98112184,0.018878186,decrease,0.1268,0.04 meters,increase,0.0416,0.09 meters,decrease,0.8168,0.00 meters,decrease,0.4942,6.72 degrees,decrease,1.5979,10.64 degrees,decrease,0.8976,2.80 degrees,increase,0.2625,3.62 degrees,increase,0.3348,2.85 degrees,increase,0.2311,6.07 degrees,decrease,0.7069,1.14 meters,decrease,0.5469,6.19 degrees,decrease,0.4393,0.51 meters,increase,0.0206,0.04 meters,decrease,0.4083,1.02 meters
T0096,0.2829092871989696,0.9552348873659224,-0.0865369584373307,66.07639589436079,105.1252943720555,25.59513028379194,34.76731652281195,27.655017392427023,61.46054194500691,9.104535242584936,60.42854193645028,2.575757575757601,-0.7878787878787852,8.696969696969694,1,0.11919683,0.88080317,decrease,0.0072,0.03 meters,decrease,0.1403,0.10 meters,increase,0.556,0.01 meters,decrease,0.0378,6.61 degrees,decrease,0.1723,10.51 degrees,decrease,0.389,2.56 degrees,decrease,0.0491,3.48 degrees,increase,0.2878,2.77 degrees,increase,0.2108,6.15 degrees,increase,0.4171,0.91 meters,decrease,0.091,6.04 degrees,increase,0.1773,0.26 meters,decrease,0.0016,0.08 meters,increase,0.0459,0.87 meters
T0097,0.24693598349441437,0.963398132788096,-0.1043391479553891,51.38889996004964,103.18895963471591,17.828917456622435,34.704495175400595,27.71680899579892,62.01928163772375,8.456585648501978,67.03529662718815,2.088235294117587,-0.882352941176468,8.147058823529415,1,0.021773636,0.97822636,increase,0.0127,0.02 meters,decrease,0.2351,0.10 meters,increase,0.7263,0.01 meters,decrease,0.198,5.14 degrees,increase,0.9285,10.32 degrees,increase,0.3974,1.78 degrees,decrease,0.143,3.47 degrees,decrease,0.0039,2.77 degrees,increase,0.4924,6.20 degrees,increase,0.2426,0.85 meters,increase,0.2878,6.70 degrees,increase,0.1835,0.21 meters,decrease,0.1588,0.09 meters,increase,0.0792,0.81 meters
T0098,0.2417166382598414,0.9630297810035144,-0.1189399331119873,69.60078777116713,104.97201658918954,28.242449677541483,39.358730934719766,30.117506535451497,60.58168256764243,7.898053368749205,78.14506519338953,1.9090909090908739,-0.9393939393939368,7.606060606060616,1,0.17404151,0.8259585,increase,0.0415,0.02 meters,decrease,0.3084,0.10 meters,increase,0.9027,0.01 meters,decrease,0.5,6.96 degrees,decrease,0.4508,10.50 degrees,decrease,0.2472,2.82 degrees,decrease,0.1792,3.94 degrees,increase,0.0085,3.01 degrees,increase,0.4031,6.06 degrees,increase,0.5586,0.79 meters,increase,0.1815,7.81 degrees,increase,0.0567,0.19 meters,decrease,0.1887,0.09 meters,increase,0.0853,0.76 meters
T0099,0.3724364276935141,0.9277657439865354,-0.023277276730845002,70.60475160515675,100.78496005315866,32.94467761243419,44.298886116645626,35.38124818808187,60.47210113293534,9.112801921546428,64.86926859074958,3.393939393939343,-0.21212121212121227,8.454545454545451,1,0.10210496,0.89789504,increase,0.0443,0.04 meters,increase,0.0464,0.09 meters,decrease,0.6757,0.00 meters,decrease,0.1164,7.06 degrees,increase,0.5594,10.08 degrees,decrease,0.5234,3.29 degrees,decrease,0.5548,4.43 degrees,decrease,0.3066,3.54 degrees,increase,0.5744,6.05 degrees,increase,0.5297,0.91 meters,increase,0.7697,6.49 degrees,increase,0.204,0.34 meters,increase,0.1362,0.02 meters,increase,0.2936,0.85 meters
T0100,0.3358829514730446,0.9404722641245292,-0.0519091834094708,69.8979525348114,106.6444169587228,24.774323841094542,39.30927242816061,30.144350512425092,61.416621213399566,9.924092064556078,59.6671307465377,3.333333333333316,-0.5151515151515156,9.333333333333329,1,0.08503604,0.91496396,decrease,0.0282,0.03 meters,increase,0.1091,0.09 meters,decrease,0.2522,0.01 meters,decrease,0.2783,6.99 degrees,decrease,1.1764,10.66 degrees,increase,1.0504,2.48 degrees,increase,0.4244,3.93 degrees,increase,0.2133,3.01 degrees,increase,0.5505,6.14 degrees,increase,0.1304,0.99 meters,increase,0.1707,5.97 degrees,increase,0.1615,0.33 meters,decrease,0.0978,0.05 meters,increase,0.2049,0.93 meters
T0101,0.3614976259597027,0.9250086311321636,-0.1169551142810776,67.51183455460286,106.0219805730782,28.29618038148648,40.924707174689566,29.65289612348716,58.84956120148407,11.400385024026717,64.42369080821987,4.1212121212122055,-1.333333333333331,10.545454545454568,0,0.9463872,0.053612802,decrease,0.1018,0.04 meters,increase,0.0076,0.09 meters,increase,0.957,0.01 meters,decrease,0.7808,6.75 degrees,decrease,1.3794,10.60 degrees,decrease,0.4751,2.83 degrees,decrease,0.7486,4.09 degrees,decrease,0.214,2.97 degrees,decrease,0.7506,5.88 degrees,decrease,0.3699,1.14 meters,decrease,0.0449,6.44 degrees,increase,0.0599,0.41 meters,decrease,0.0555,0.13 meters,decrease,0.168,1.05 meters
T0102,0.1880692222130083,0.9683564207563286,-0.16406038533475,55.61558157714866,104.16206385452358,24.352726141979485,39.85213922613891,30.7252106005458,61.31549479961424,7.350234796051992,80.9466327537474,1.3823529411764879,-1.2058823529411775,7.117647058823529,1,0.08995372,0.9100463,increase,0.0248,0.02 meters,decrease,0.3615,0.10 meters,increase,0.782,0.02 meters,decrease,0.0391,5.56 degrees,decrease,0.6822,10.42 degrees,increase,0.4747,2.44 degrees,decrease,0.1404,3.99 degrees,decrease,0.0608,3.07 degrees,increase,0.6328,6.13 degrees,increase,0.262,0.74 meters,increase,0.2594,8.09 degrees,increase,0.0731,0.14 meters,decrease,0.1816,0.12 meters,increase,0.0776,0.71 meters
T0103,0.2706060242743147,0.9531345521661994,-0.1353030121371576,64.57575220552596,103.92264557363406,25.3727402509322,36.75044625441155,29.14183992836014,59.268493566204114,10.078388811137748,66.34365163861183,2.727272727272722,-1.3636363636363649,9.60606060606061,1,0.016215682,0.9837843,increase,0.0422,0.03 meters,increase,0.0807,0.10 meters,increase,0.8944,0.01 meters,increase,1.0327,6.46 degrees,increase,0.9651,10.39 degrees,decrease,0.167,2.54 degrees,increase,0.4058,3.68 degrees,increase,0.0222,2.91 degrees,decrease,0.7157,5.93 degrees,increase,0.0447,1.01 meters,increase,0.093,6.63 degrees,increase,0.1944,0.27 meters,decrease,0.13,0.14 meters,increase,0.1495,0.96 meters
T0104,0.3207949943566007,0.9465040427551276,-0.0349380686923033,62.56383672824053,102.5249050308176,26.059288277746376,42.58499551515111,27.46770937374616,60.029318256430216,9.260082880195876,59.82844278528085,2.9705882352940907,-0.3235294117647061,8.764705882352942,1,0.044214725,0.9557853,decrease,0.0198,0.03 meters,increase,0.2046,0.09 meters,decrease,0.2707,0.00 meters,increase,1.0559,6.26 degrees,increase,0.4041,10.25 degrees,decrease,0.5663,2.61 degrees,decrease,0.7309,4.26 degrees,increase,0.6663,2.75 degrees,increase,0.529,6.00 degrees,increase,0.2428,0.93 meters,decrease,0.122,5.98 degrees,increase,0.2668,0.30 meters,increase,0.1802,0.03 meters,increase,0.04,0.88 meters
T0105,0.008699270770690826,0.9308219724644358,-0.3653693723692169,64.63891958147414,103.78538292726864,26.937668978185307,39.86136744434206,30.86424661968236,57.29664255235146,6.966797815998339,86.12455360017364,0.0606060606060268,-2.545454545454544,6.484848484848497,1,0.018069446,0.98193055,increase,0.0636,0.00 meters,increase,0.1301,0.09 meters,increase,1.0677,0.04 meters,increase,0.8596,6.46 degrees,increase,1.0695,10.38 degrees,decrease,0.2882,2.69 degrees,decrease,0.078,3.99 degrees,decrease,0.1252,3.09 degrees,decrease,0.6172,5.73 degrees,increase,0.3618,0.70 meters,increase,0.2136,8.61 degrees,increase,0.1715,0.01 meters,decrease,0.1517,0.25 meters,increase,0.1248,0.65 meters
T0106,0.3779523787266134,0.9252274231227496,-0.033259809327942,68.58792032891296,108.43919049660435,24.679591935424455,36.36790885746842,28.699971107901813,56.80705639348262,9.727338138793982,59.814048043203314,3.676470588235294,-0.3235294117647061,9.0,1,0.11743641,0.8825636,increase,0.0514,0.04 meters,increase,0.0862,0.09 meters,decrease,0.1397,0.00 meters,decrease,0.1924,6.86 degrees,decrease,1.7192,10.84 degrees,increase,1.2042,2.47 degrees,increase,0.3902,3.64 degrees,increase,0.4274,2.87 degrees,decrease,0.2372,5.68 degrees,increase,0.1028,0.97 meters,increase,0.2818,5.98 degrees,increase,0.1036,0.37 meters,increase,0.3038,0.03 meters,increase,0.1608,0.90 meters
T0107,0.389284949958072,0.9180152551250031,-0.0755329007381332,65.4277137154341,103.46238896259187,27.94679979882397,40.40956225444033,28.08156646685075,59.54905946171062,10.430935131305276,64.92948428368739,4.06060606060607,-0.7878787878787885,9.57575757575757,1,0.028014839,0.97198516,increase,0.0223,0.04 meters,increase,0.0941,0.09 meters,decrease,0.1464,0.01 meters,increase,1.0948,6.54 degrees,increase,0.9725,10.35 degrees,decrease,0.3027,2.79 degrees,decrease,0.7426,4.04 degrees,increase,0.3221,2.81 degrees,increase,0.1121,5.95 degrees,increase,0.1814,1.04 meters,increase,0.4606,6.49 degrees,increase,0.2252,0.41 meters,decrease,0.0718,0.08 meters,increase,0.1315,0.96 meters
T0108,0.3000632695992891,0.9507622699662636,-0.0775444404582414,70.38098505871353,103.46449834510533,29.401865577918745,41.705504001311326,34.254517403096486,60.71917628251641,8.988003431980708,67.09667810182043,2.696969696969763,-0.6969696969696976,8.545454545454547,1,0.040614486,0.9593855,decrease,0.0116,0.03 meters,increase,0.2238,0.10 meters,decrease,0.3015,0.01 meters,decrease,0.3096,7.04 degrees,increase,1.0005,10.35 degrees,decrease,0.2045,2.94 degrees,decrease,0.6955,4.17 degrees,decrease,0.0425,3.43 degrees,increase,0.5178,6.07 degrees,increase,0.6323,0.90 meters,increase,0.7062,6.71 degrees,increase,0.21,0.27 meters,decrease,0.0539,0.07 meters,increase,0.2972,0.85 meters
T0109,0.2396802028264619,0.9624658144750092,-0.1273301077515575,71.35855466680736,103.48146060202038,27.970390611026,40.95508995319769,36.31824749871218,60.4705648185135,7.853602087191869,64.9338779947094,1.882352941176472,-0.9999999999999976,7.558823529411755,1,0.026292145,0.97370785,increase,0.0638,0.02 meters,decrease,0.1187,0.10 meters,increase,1.0042,0.01 meters,decrease,0.3692,7.14 degrees,increase,1.0866,10.35 degrees,decrease,0.2274,2.80 degrees,decrease,0.4685,4.10 degrees,decrease,0.128,3.63 degrees,increase,0.4597,6.05 degrees,increase,0.5843,0.79 meters,increase,0.3578,6.49 degrees,increase,0.1551,0.19 meters,decrease,0.0819,0.10 meters,increase,0.1006,0.76 meters
T0110,0.3530362207640307,0.935068909050672,-0.03180506493369631,65.06211752784195,105.38242249686348,29.94758804432179,41.757408621544,30.272988932885507,61.63935050789612,9.24750971808949,59.495313550760606,3.26470588235296,-0.2941176470588237,8.647058823529425,0,0.9208542,0.07914578,decrease,0.0823,0.04 meters,increase,0.0535,0.09 meters,decrease,1.1543,0.00 meters,increase,0.4651,6.51 degrees,decrease,0.4564,10.54 degrees,decrease,0.6676,2.99 degrees,decrease,1.0609,4.18 degrees,decrease,0.536,3.03 degrees,increase,0.1162,6.16 degrees,increase,0.1328,0.92 meters,decrease,0.5437,5.95 degrees,increase,0.1595,0.33 meters,decrease,0.2457,0.03 meters,increase,0.1723,0.86 meters
T0111,0.2586576729772148,0.9654124413938082,-0.0327875923492237,53.525822491711466,106.32857239795467,25.11604145115017,40.49432636054792,24.993838712221837,59.25150531752667,8.318002426723774,72.48474310045657,2.151515151515197,-0.2727272727272729,8.03030303030302,1,0.46127242,0.5387276,increase,0.039,0.03 meters,decrease,0.115,0.10 meters,decrease,0.2434,0.00 meters,increase,0.0163,5.35 degrees,decrease,1.1863,10.63 degrees,decrease,0.2045,2.51 degrees,decrease,0.4349,4.05 degrees,increase,0.2752,2.50 degrees,decrease,0.5229,5.93 degrees,increase,0.4199,0.83 meters,increase,0.5058,7.25 degrees,increase,0.1945,0.22 meters,increase,0.0238,0.03 meters,increase,0.1944,0.80 meters
T0112,0.387002718806222,0.9172269162257788,-0.0944652305747476,64.78746118166075,118.01766313555406,34.81020959392724,38.31174249703333,35.53024802888959,59.038224025682766,9.944335430914135,58.27765797376857,3.848484848484815,-0.9393939393939368,9.121212121212125,1,0.3241284,0.6758716,increase,0.0112,0.04 meters,increase,0.043,0.09 meters,increase,0.6082,0.01 meters,increase,0.9093,6.48 degrees,decrease,1.7947,11.80 degrees,decrease,0.3732,3.48 degrees,increase,0.312,3.83 degrees,decrease,0.1832,3.55 degrees,decrease,0.5969,5.90 degrees,increase,0.0339,0.99 meters,increase,0.2212,5.83 degrees,increase,0.0659,0.38 meters,increase,0.0969,0.09 meters,increase,0.1878,0.91 meters
T0113,0.3551623953027575,0.9330537503716334,-0.0571871653453582,71.4193352891877,103.73266268429542,23.38251818765739,39.912761885660274,33.16433610975233,59.55385915731641,10.067950951590726,59.68638318886677,3.575757575757639,-0.5757575757575762,9.393939393939382,1,0.05157572,0.9484243,decrease,0.0609,0.04 meters,increase,0.2043,0.09 meters,decrease,0.534,0.01 meters,decrease,0.2822,7.14 degrees,increase,0.9464,10.37 degrees,increase,0.9287,2.34 degrees,decrease,0.0527,3.99 degrees,decrease,0.2113,3.32 degrees,increase,0.4619,5.96 degrees,increase,0.1467,1.01 meters,decrease,0.0425,5.97 degrees,increase,0.2104,0.36 meters,decrease,0.1121,0.06 meters,increase,0.1157,0.94 meters
T0114,0.3597431074077065,0.9327852254022874,0.022284971255344697,78.19495669866276,99.85737831848054,34.48073887748089,41.05045927138184,38.16210192782806,56.59997309539,9.23861873466848,66.19484885428244,3.3235294117646923,0.20588235294117663,8.617647058823533,0,0.8512094,0.14879061,decrease,0.0883,0.04 meters,decrease,0.0038,0.09 meters,decrease,0.7487,0.00 meters,decrease,1.1102,7.82 degrees,increase,0.5291,9.99 degrees,decrease,0.6585,3.45 degrees,decrease,0.7504,4.11 degrees,decrease,0.2941,3.82 degrees,decrease,0.7229,5.66 degrees,increase,0.0793,0.92 meters,increase,0.3843,6.62 degrees,increase,0.1462,0.33 meters,increase,0.1637,0.02 meters,increase,0.1367,0.86 meters
T0115,0.3608670132207394,0.9319782863179212,0.034517714308071205,66.22632173238328,106.82904346651404,27.263028771782363,39.279082734362014,30.047769252021126,58.98255849225772,9.372851541593986,61.24514736517315,3.3823529411764244,0.3235294117647062,8.735294117647049,0,0.8421155,0.15788446,decrease,0.1019,0.04 meters,increase,0.0535,0.09 meters,decrease,0.5149,0.00 meters,decrease,0.0426,6.62 degrees,decrease,1.7306,10.68 degrees,decrease,0.7398,2.73 degrees,increase,0.4371,3.93 degrees,increase,0.0688,3.00 degrees,decrease,0.3958,5.90 degrees,increase,0.1382,0.94 meters,decrease,0.5034,6.12 degrees,increase,0.1681,0.34 meters,increase,0.2033,0.03 meters,increase,0.0925,0.87 meters
T0116,0.18326811930346,0.9496620727542816,-0.2540762563070666,65.3805764914352,101.3615767084162,24.67862406096942,43.45395140912528,29.43920952057371,59.79003224537078,7.27531519612301,60.59869729569497,1.3333333333333481,-1.8484848484848464,6.909090909090901,1,0.010672152,0.98932785,increase,0.0723,0.02 meters,increase,0.1447,0.09 meters,increase,0.9562,0.03 meters,increase,0.689,6.54 degrees,increase,0.6129,10.14 degrees,increase,0.4952,2.47 degrees,decrease,0.4538,4.35 degrees,decrease,0.0506,2.94 degrees,increase,0.4641,5.98 degrees,increase,0.3035,0.73 meters,decrease,0.0165,6.06 degrees,increase,0.1718,0.13 meters,decrease,0.0941,0.18 meters,increase,0.0414,0.69 meters
T0117,0.11268689583937691,0.9847854810310884,-0.1322846168549221,49.575400080900174,104.6919575268104,28.993531016377748,39.70822145851946,24.689935589737463,56.97512111129194,6.185011058988996,81.96936222756722,0.6969696969696875,-0.8181818181818155,6.090909090909079,1,0.34755528,0.6524447,increase,0.0621,0.01 meters,decrease,0.351,0.10 meters,increase,0.7515,0.01 meters,decrease,0.1714,4.96 degrees,decrease,0.5658,10.47 degrees,decrease,0.1286,2.90 degrees,decrease,0.1397,3.97 degrees,increase,0.0951,2.47 degrees,decrease,0.6531,5.70 degrees,increase,0.3785,0.62 meters,increase,0.0671,8.20 degrees,increase,0.0731,0.07 meters,decrease,0.1112,0.08 meters,increase,0.1297,0.61 meters
T0118,0.2780900684671034,0.95714721239838,-0.0808401361822956,65.73299108300255,105.30312939417172,29.87501540488827,39.98792029782073,33.2601457120489,59.68572190592096,9.371282550383322,60.73545947793685,2.606060606060669,-0.7575757575757582,8.969696969696978,1,0.12242389,0.8775761,increase,0.0967,0.03 meters,decrease,0.1774,0.10 meters,increase,0.0154,0.01 meters,increase,1.038,6.57 degrees,decrease,0.2546,10.53 degrees,decrease,0.1756,2.99 degrees,decrease,0.2913,4.00 degrees,decrease,0.0971,3.33 degrees,increase,0.2021,5.97 degrees,increase,0.1119,0.94 meters,decrease,0.0913,6.07 degrees,increase,0.1673,0.26 meters,increase,0.1215,0.08 meters,increase,0.1107,0.90 meters
T0119,0.468295491773456,0.8833755867544816,-0.018625388877353495,62.14975479540337,106.2534576826948,25.405431816893945,31.929061104259684,28.303810574185725,58.93802530103482,11.388820578083534,64.7418682799705,5.333333333333284,-0.21212121212121227,10.060606060606055,0,0.9335212,0.066478774,decrease,0.0581,0.05 meters,increase,0.053,0.09 meters,decrease,0.7933,0.00 meters,increase,0.3247,6.21 degrees,decrease,1.1332,10.63 degrees,decrease,0.3821,2.54 degrees,decrease,0.1567,3.19 degrees,increase,0.1777,2.83 degrees,decrease,0.5978,5.89 degrees,decrease,0.5175,1.14 meters,increase,0.2587,6.47 degrees,decrease,0.4176,0.53 meters,decrease,0.12,0.02 meters,decrease,0.4733,1.01 meters
T0120,0.4673748368915976,0.8776260826075548,-0.1064576017364197,63.68817734046904,105.6249186763202,25.14648837233703,37.45363788432631,30.251761583021132,58.96011716993457,11.327348477442158,61.76868664677027,5.294117647058815,-1.2058823529411775,9.94117647058821,1,0.05993992,0.9400601,decrease,0.0211,0.05 meters,increase,0.1475,0.09 meters,increase,1.8223,0.01 meters,increase,1.04,6.37 degrees,decrease,0.3554,10.56 degrees,decrease,0.2014,2.51 degrees,increase,0.3841,3.75 degrees,increase,0.0058,3.03 degrees,decrease,0.5043,5.90 degrees,decrease,0.1978,1.13 meters,decrease,0.148,6.18 degrees,decrease,0.2605,0.53 meters,decrease,0.1015,0.12 meters,decrease,0.0504,0.99 meters
T0121,0.4607029271372269,0.8869855206377488,-0.0317726156646358,68.14589476605911,105.45010507376632,33.852523459793034,39.63366613702586,34.966386935554425,63.10562035474069,11.44496151889395,59.32866094544837,5.272727272727365,-0.3636363636363639,10.15151515151515,0,0.94044304,0.059556946,decrease,0.088,0.05 meters,increase,0.0489,0.09 meters,decrease,1.0706,0.00 meters,decrease,0.2582,6.81 degrees,increase,0.0005,10.55 degrees,decrease,0.5141,3.39 degrees,decrease,0.2656,3.96 degrees,decrease,0.5269,3.50 degrees,decrease,0.1731,6.31 degrees,decrease,0.5664,1.14 meters,increase,0.1257,5.93 degrees,decrease,0.2559,0.53 meters,decrease,0.0074,0.04 meters,decrease,0.4017,1.02 meters
T0122,0.4111861588522673,0.9115105759172574,0.008626283052844706,68.32497773626429,103.5729220011455,27.941094536539957,39.09100863200776,33.52559323843393,62.03555751161117,10.22865741561185,70.4082843496607,4.205882352941196,0.08823529411764708,9.323529411764683,1,0.023833156,0.97616684,increase,0.053,0.04 meters,increase,0.1596,0.09 meters,decrease,0.4723,0.00 meters,decrease,0.1314,6.83 degrees,increase,0.9634,10.36 degrees,decrease,0.5051,2.79 degrees,increase,0.433,3.91 degrees,increase,0.0183,3.35 degrees,increase,0.469,6.20 degrees,increase,0.1925,1.02 meters,increase,0.7165,7.04 degrees,increase,0.1223,0.42 meters,increase,0.2704,0.01 meters,increase,0.2299,0.93 meters
T0123,0.1617274173915206,0.9865372460882084,0.0242591126087262,78.0529173816221,108.96065706595928,26.202394322300265,33.914530385033025,29.42067015100973,58.78147392645611,7.494840588388976,66.0109410772604,1.212121212121294,0.18181818181818032,7.393939393939386,0,0.9600235,0.039976474,increase,0.0362,0.02 meters,decrease,0.1965,0.10 meters,decrease,0.4939,0.00 meters,decrease,1.0576,7.81 degrees,decrease,1.928,10.90 degrees,decrease,0.7463,2.62 degrees,decrease,0.1273,3.39 degrees,decrease,0.0684,2.94 degrees,decrease,0.6284,5.88 degrees,increase,0.4456,0.75 meters,increase,0.1025,6.60 degrees,increase,0.0547,0.12 meters,increase,0.1072,0.02 meters,increase,0.1281,0.74 meters
T0124,0.11486522340490041,0.9664522245101984,-0.2297304468098017,52.42978751502434,102.56513889442202,26.19794793058352,38.76498492448045,26.35352328245728,61.07429547382967,7.425582358064672,82.36293816541682,0.8529411764705856,-1.705882352941178,7.176470588235287,1,0.033502698,0.9664973,increase,0.0422,0.01 meters,decrease,0.3617,0.10 meters,increase,0.799,0.02 meters,decrease,0.2317,5.24 degrees,increase,0.6663,10.26 degrees,decrease,0.405,2.62 degrees,increase,0.271,3.88 degrees,increase,0.0401,2.64 degrees,increase,0.3932,6.11 degrees,increase,0.4229,0.74 meters,increase,0.3636,8.24 degrees,increase,0.1944,0.09 meters,decrease,0.1417,0.17 meters,increase,0.1161,0.72 meters
T0125,0.2668852339272415,0.9622904209207354,-0.0526252573941028,64.28779932556134,103.73284242391762,24.70144239773349,41.71598285273355,28.254539365601392,61.99081697272964,7.824469204942929,66.48739362804264,2.088235294117691,-0.4117647058823532,7.529411764705863,1,0.0071700215,0.99283,increase,0.0313,0.03 meters,decrease,0.279,0.10 meters,decrease,0.2018,0.01 meters,increase,0.8308,6.43 degrees,increase,0.8785,10.37 degrees,increase,0.6892,2.47 degrees,decrease,0.6469,4.17 degrees,increase,0.3275,2.83 degrees,increase,0.7006,6.20 degrees,increase,0.3175,0.78 meters,increase,0.4624,6.65 degrees,increase,0.265,0.21 meters,increase,0.1722,0.04 meters,increase,0.19,0.75 meters
