wrist_max_angle,wrist_release_angle,release_ball_direction_z,release_ball_speed,elbow_release_angle,release_angle,knee_max_angle,release_ball_velocity_y,release_ball_velocity_z,release_ball_direction_y,release_ball_velocity_x,knee_release_angle,elbow_max_angle,release_ball_direction_x,original_y_variable,y_variable_predictions
35.91840619355692,28.102764926877825,0.926203487482012,9.907618263436408,72.32582957950736,67.8505359822964,63.5410068390672,0.029411764705882415,9.176470588235276,0.002968600921416685,3.7352941176470256,32.646275731714404,106.27211829325331,0.3770123170199189,0,1
38.6937901245473,32.76662558034087,0.9019061467517638,11.826803382018102,58.430068002049,64.40976400048119,65.56563492159438,-1.3030303030303039,10.666666666666677,-0.11017603497251659,4.9393939393939466,33.83402566071382,101.79879837206796,0.4176440395469818,1,1
38.99808908735453,26.22094346440733,0.9223532464358148,10.28331446926667,73.88372806723093,67.27257190178985,65.25734578567558,-0.5151515151515158,9.484848484848502,-0.050095863224948314,3.9393939393939092,33.55029295438971,106.98963280935148,0.3830860128966606,0,1
36.35303834703563,22.64988113813658,0.9563964599774945,9.1643018864365,71.42483459876938,73.01798036878269,64.65257327939122,0.029411764705882415,8.764705882352942,0.0032093840938842207,2.676470588235221,29.56845337375442,104.16086518937752,0.292053952543455,0,1
34.532455245139325,21.75449760296812,0.9188942412043748,11.11348918536743,73.61934760096943,66.76495916615984,64.1655677696481,-0.6666666666666672,10.21212121212123,-0.05998716114687301,4.3333333333333535,32.856306305834785,103.83202376178863,0.3899165474546765,1,1
40.352861201559016,24.416968515045347,0.8743913675201247,12.243810667189337,71.84964096037254,60.97302581681101,65.54800033843149,-0.5882352941176456,10.705882352941172,-0.0480434817318749,5.911764705882368,36.37762329695315,100.70656676944007,0.4828369914053449,0,1
38.84907099962881,27.69206362328445,0.8815879462324507,11.171301616104532,71.87487869098874,61.83451370427584,63.851132253536726,0.06060606060606045,9.848484848484851,0.005425156592199612,5.272727272727257,30.143989921325492,104.97714224226108,0.471988623521372,1,1
35.990742069040614,26.7384737789486,0.9496847032953558,9.987365756167865,67.35877652926932,71.74736140015371,63.75729582521544,-1.818181818181818,9.484848484848476,-0.1820481859352121,2.5454545454545343,33.98172428708327,105.5060064982059,0.2548674603092959,1,1
36.52541187104608,25.571257623976116,0.9037919855394786,11.78043066754362,67.8793138658111,64.66107210193351,63.52557735628189,-0.6470588235294122,10.647058823529417,-0.054926584756542905,4.999999999999945,30.66574297614895,104.93222123193321,0.4244327003914631,0,1
34.634303218859266,27.411173241142684,0.9675445270045994,8.177158244464671,75.41320839888361,75.36262306790168,64.73252138794885,0.17647058823529405,7.91176470588233,0.021580918817946517,2.058823529411669,33.045688044434414,107.63718033227366,0.2517773862093642,0,1
34.94876818523528,24.246267289338714,0.8895226571063172,13.762914462740891,62.317104317400016,62.813325355287475,66.53271533316733,-1.151515151515149,12.24242424242424,-0.08366797269811868,6.181818181818093,29.608083717979355,107.2010003097767,0.4491649060635795,1,1
39.926291033759256,22.11498248123594,0.9470182930773706,9.951489314549566,70.00101983047287,71.26572129182615,62.35089559719589,0.30303030303030315,9.424242424242422,0.030450748973548915,3.1818181818181945,30.43725200851573,105.04049765876557,0.3197328642222647,1,1
43.21920535509183,27.12799148897712,0.9467046248774564,9.538670027593806,55.2993901271227,71.20984581379285,63.88150455939405,-1.151515151515149,9.030303030303031,-0.12072072397766191,2.8484848484847767,27.66033628385215,107.39273712762194,0.2986249487868411,0,1
37.82979681503192,24.79330112302569,0.9537565468765296,9.341053477711297,66.19586703464266,72.50754612973351,61.35517370391308,-0.8787878787878795,8.909090909090922,-0.09407802673271881,2.666666666666696,29.56339857021544,104.7149657218513,0.2854781500854945,0,1
32.91053132007836,24.246581071164563,0.8827379104369483,12.564215221502344,59.78411155595027,61.97442043870756,63.87625139648377,-0.9999999999999977,11.09090909090908,-0.0795911230721837,5.818181818181823,28.239439743955728,102.28815665852524,0.4630756251472524,0,1
36.2340602422487,27.600566421239705,0.9224537027788452,11.070605691491869,67.62522593355382,67.28747431530057,65.13265193029785,-0.12121212121212135,10.21212121212123,-0.01094900537422961,4.272727272727219,30.56834339759544,104.72260112285262,0.3859524394415884,0,1
33.893508916878616,27.624330167018723,0.9248388055103868,10.943758048329904,57.72355809024408,67.64406078249489,64.08002371926227,-0.30303030303030315,10.121212121212109,-0.027689784596119385,4.151515151515165,27.56910605932552,104.0864657760358,0.3793500489668369,0,1
38.42538348409917,27.660729137779008,0.8836110692429927,13.2033957843712,62.23667586712903,62.08108065895317,62.91735574718929,0.06060606060606045,11.66666666666666,0.0045901873726907835,6.1818181818182,28.660806395286244,104.11098825786284,0.4681991120144705,0,1
39.048698519708935,29.71553763965444,0.9836468019122766,7.564886558998674,62.62883410545936,79.62393691908181,64.88097921279359,-0.7352941176470595,7.441176470588212,-0.09719830058421741,1.1470588235294552,32.83133233909207,104.00265219751958,0.1516293489113848,1,1
37.168542701862094,28.342122563468838,0.859473648316606,11.977234749688073,46.86196713525894,59.2575354267584,64.46640301401193,-0.6470588235294105,10.294117647058838,-0.05402405789418642,6.088235294117668,24.22961026981929,102.1291360939862,0.5083172720043937,1,1
38.07282875564775,33.13831799919201,0.9317790067136932,9.301204045402669,66.52309694132114,68.71384973472807,64.26659326308896,-1.2121212121212095,8.66666666666668,-0.1303187421977188,3.1515151515151274,34.62588580889122,103.13737278980446,0.3388287297140671,1,1
35.37615222237096,21.97934906286828,0.9781876374796652,8.02349625753473,70.53925829223371,78.01103822786196,61.992678173223645,-1.3333333333333308,7.848484848484832,-0.1661785947841902,1.0000000000000375,31.64192602791406,102.04882317197784,0.1246339460881476,1,1
43.02080452559469,30.44103640167339,0.887527138493627,11.830624151754208,63.0637059140908,62.56413437906926,62.31249191188883,-1.0294117647058831,10.500000000000004,-0.08701246455819868,5.352941176470652,32.01936975176132,104.82143232032968,0.4524648157026385,1,1
35.994118964208305,20.911088940226804,0.9074310170308744,12.85680833882022,63.03662792167898,65.15271671317677,61.936297777359336,-0.30303030303030315,11.66666666666666,-0.0235696368059967,5.3939393939394185,26.316672549870944,105.25500818550185,0.4195395351467441,1,1
33.06750677553905,25.69528862925785,0.9085109221058164,11.240504614353744,69.47347987975132,65.30037632522716,62.85564585700647,0.0,10.212121212121204,0.0,4.696969696969731,30.649101233594976,102.75814786416966,0.4178611066065362,0,1
38.85752276597596,37.43967978484811,0.8760239030433179,13.075608342137922,63.54191021509146,61.16638678586465,62.86756200709068,-1.5151515151515131,11.45454545454543,-0.11587617765123259,6.121212121212066,34.178838563470755,101.71992282769664,0.4681397577109762,1,1
36.34520178818899,27.756181437920496,0.8613851321943179,12.77012986279237,65.799352251716,59.47246299285698,62.33732640707777,0.1515151515151518,11.000000000000012,0.011864808983392813,6.484848484848551,28.516337608786664,104.97614478247318,0.5078138244892169,1,1
34.12085940612116,23.18859887658015,0.9531944105596396,10.12076730272205,72.89500608885915,72.40070922709509,63.067921471044606,-0.08823529411764364,9.64705882352942,-0.008718241559996313,3.058823529411741,31.14318202996564,103.14968618181616,0.3022323740798832,0,1
42.48800849593941,24.21562462075016,0.9344196561022124,9.2854110372933,66.89052414797712,69.13458774103464,62.105497731436685,-0.2941176470588237,8.676470588235292,-0.03167524257973599,3.294117647058878,30.22027696655285,106.21973065146946,0.3547627168930494,1,1
36.2474185694328,24.77055315168067,0.9218136517776262,11.326775699680134,71.23133127371467,67.19268236020359,61.22174714202656,-0.7647058823529419,10.44117647058822,-0.06751311252455862,4.32352941176466,31.6261086617218,103.53854981217133,0.3817087515811543,1,1
35.50192351834912,21.382864719963862,0.913323064139398,11.479890190584536,61.12619861969803,65.96869130096702,63.18645584660855,-1.212121212121213,10.484848484848486,-0.1055864814033986,4.515151515151542,30.25958801215516,103.19981620339004,0.3933096432276621,1,1
32.394667375935576,28.286547045004777,0.987887163775806,7.515273703796506,65.58606948445563,81.07311566307229,63.14005222743492,-0.48484848484848175,7.424242424242427,-0.0645150800833175,1.0606060606060648,30.23448863860941,106.9663685568328,0.1411267376822585,1,1
35.758354028533454,26.89168507758936,0.949429090563495,9.319795376433204,64.19068301358779,71.70065927940674,62.9449763675958,-1.0606060606060612,8.848484848484842,-0.1138014320880903,2.727272727272722,31.42657985857657,105.60045784847152,0.2926322539408029,1,1
33.564604048809954,27.522187542717692,0.8817283251800504,12.887911207021608,65.40217131784338,61.85155823577871,63.68588630864247,-0.4848484848484854,11.363636363636363,-0.037620408541015504,6.060606060606038,28.507646559408748,104.52334200042074,0.4702551067626918,1,1
36.08333200733522,24.68438282560576,0.9648881057740648,7.568784669774286,64.77766467527877,74.77196866115438,64.45822336714663,-1.575757575757577,7.303030303030292,-0.2081916244823713,1.2121212121211862,28.740167026822466,100.72560013186933,0.1601474034479744,1,1
36.68965571166783,26.977794065061943,0.9420629865998038,10.132501415756764,68.98203365514267,70.40094520781737,63.57812977284632,0.1818181818181818,9.545454545454556,0.01794405688761529,3.393939393939451,33.96951075049717,103.6456174200372,0.3349557285688243,1,1
39.011713900055646,18.47715231552975,0.9748842198521132,7.994916204758301,63.81407002859959,77.13161186274125,65.55048782086223,-0.6764705882352915,7.794117647058814,-0.08461259266640957,1.6470588235293346,29.65838437082369,104.03863912155856,0.2060132691008145,1,1
37.59642933706496,23.235431055554628,0.9794742476066602,6.93012481386306,69.79517781711418,78.37125529782546,63.31489586180298,-0.0909090909090909,6.787878787878767,-0.013117958673303499,1.393939393939375,31.77731809559694,104.34355432684912,0.2011420329906513,1,1
35.64576744086065,23.78076879111435,0.9055326937056272,11.53042462537798,73.00952961471934,64.89512377054042,63.14702035181556,0.6176470588235299,10.44117647058822,0.053566722726248364,4.852941176470667,30.73797451034398,103.21548349095238,0.4208813928491017,1,1
35.7944779713829,23.86338493813838,0.9791133395182432,7.954011526092245,67.27722829325123,78.26911010292807,58.84598230088572,-1.5757575757575737,7.787878787878777,-0.1981085356223683,0.3636363636363774,32.78450702901409,107.65702522416495,0.0457173543743944,0,1
33.25479743332457,18.5593512191124,0.973728921132457,7.064376675582137,74.07694063610985,76.83769412111214,61.37690202757825,-0.0909090909090909,6.878787878787888,-0.012868664155935497,1.606060606060631,31.744684294943585,104.05067399463208,0.227346400088198,1,1
41.62367343808187,23.99308503559295,0.8829438789151114,13.24769328639774,63.54648970611189,61.99954674203961,62.32319117568649,-0.30303030303030315,11.6969696969697,-0.022874193754277496,6.21212121212116,27.666952770427365,105.50053840664266,0.4689209719626846,1,1
39.12017723603326,28.03474128001921,0.9187786730193942,9.8615763803377,71.56828541892891,66.74818034391765,63.18710620809884,-0.3333333333333336,9.060606060606071,-0.033801222084325504,3.8787878787878816,34.8553405557924,102.38493318063497,0.393323311526697,0,1
31.425878434541,27.63813365102072,0.9134586975151986,9.72386925138306,61.37847677887927,65.98778128543665,63.53641213151764,-0.35294117647058854,8.882352941176459,-0.03629637208669669,3.941176470588245,29.731660302085128,106.1746344202666,0.4053094883014473,1,1
40.07453651403774,22.3228123518029,0.9740063631395708,7.933493065040111,72.6535833469618,76.90768606483198,63.93222030049901,-0.1818181818181818,7.727272727272724,-0.022917796779754574,1.7878787878788198,30.944474911503548,103.60475763522768,0.2253583350009243,1,1
39.16662615162554,28.14376365335081,0.95166613417592,9.549814759340432,63.95627390673749,72.11337641330404,63.55778793131376,-1.0588235294117656,9.088235294117652,-0.11087372437001007,2.735294117647058,30.235866200124292,103.98564115813988,0.2864237879558591,1,1
44.22204871650782,19.029666754871474,0.9297015791460894,9.87609184255821,73.7879646478577,68.3883443310697,61.24232643465695,0.0909090909090909,9.18181818181818,0.009204966130159316,3.6363636363636656,29.196357225337795,104.20356269321007,0.3681986452063751,1,1
33.86968511883238,33.70953300411734,0.8968810838865726,12.771531990515363,64.80506470862319,63.75108072130404,64.21022632904878,-1.5757575757575757,11.454545454545457,-0.12338046656640668,5.424242424242486,37.07819399819571,104.97248235624446,0.4247135291420589,1,1
43.073141174981885,23.90426481396052,0.9918729963496918,6.874047225072361,80.6475935371033,82.69033585628289,60.85484150215753,0.21212121212121224,6.818181818181807,0.03085827099754601,0.8484848484848089,35.48466125816788,106.7654673942534,0.1234330839901783,1,1
37.567895479789655,26.53075998365389,0.9520649035320186,9.453137035732896,64.27749160016138,72.18791690149634,62.16419744816629,-0.2727272727272727,8.999999999999991,-0.028850451622182378,2.8787878787878443,25.408379526083817,105.40361544159342,0.3045325449008106,1,1
39.11110436709422,24.001009369166937,0.9201042315636572,11.625823825188682,64.90647418951393,66.9413246347162,61.173841802690255,-0.7878787878787885,10.696969696969688,-0.06776971677239411,4.484848484848476,29.276473956926196,104.46764684550769,0.3857660800890115,1,1
40.30767414247385,22.304117870307408,0.9577296760832344,8.637852078009846,73.41511339732867,73.28150315264759,63.71942550990031,-0.5454545454545459,8.272727272727263,-0.06314701160988369,2.4242424242423724,34.72701281203762,104.3327764271428,0.2806533849328103,0,1
41.19686444277509,30.53856259315008,0.9318136244722344,9.300858496864493,64.35190302489059,68.71931406568686,62.93555504737592,-2.1818181818181803,8.66666666666668,-0.2345824509160864,2.575757575757601,33.35233704951166,105.49743624637458,0.2769376156648272,1,1
38.29279249676797,31.197685538972923,0.8965623973106437,11.018516846591616,50.11655148015275,63.70982537269418,64.38431957024417,-0.12121212121212135,9.878787878787891,-0.011000765611173515,4.87878787878792,25.02592511191568,100.92306749214694,0.4427808158497381,1,1
34.505631567968884,33.083823261966664,0.9469314394723498,8.5763464836878,68.75528736491567,71.25023350156407,63.44257534858728,-2.303030303030303,8.121212121212114,-0.2685327962682786,1.515151515151429,32.72364626732848,104.69540980466012,0.1766663133343837,1,1
40.87422534830314,30.520291324319256,0.9057828368944566,11.475089801409554,67.12459935333226,64.92892526271854,63.25216039359274,-0.848484848484849,10.393939393939393,-0.07394145607301689,4.787878787878825,31.99074867024959,102.79374289961383,0.4172410735548842,0,1
38.86333708775056,25.905022143871776,0.9301712769640484,9.96021497523731,63.24070666175012,68.46152967732966,61.74883134077019,-1.0588235294117625,9.264705882352926,-0.1063052887958911,3.500000000000098,28.247706767543097,103.0441136963369,0.3513980379642064,1,1
38.772119624362965,29.416188504304912,0.980940996640851,7.414031320570875,72.62634878094369,78.79582419404545,62.039315204018905,-0.36363636363636404,7.272727272727279,-0.0490470498320425,1.393939393939375,33.4949489918222,105.10464388108689,0.188013691022827,1,1
40.89453013440831,28.861174175117064,0.9712451401442902,7.020042146279243,73.42733770675913,76.22665388984531,61.89040885545003,-0.6363636363636368,6.818181818181807,-0.09064954641346729,1.5454545454544963,36.65581345189656,100.78082379292002,0.2201488984326991,1,1
35.07868585367473,29.82877022697813,0.9127903710229854,11.245414290303096,61.054059757714,65.89385397295354,62.32255276346638,-0.558823529411765,10.264705882352946,-0.049693458594374476,4.558823529411693,30.440156652406053,104.08116173197702,0.4053940043225228,0,1
43.36659884156682,23.650236052430667,0.93391712491714,9.76280101902239,68.7891176232846,69.05389730794883,63.331521047379326,-0.7352941176470595,9.117647058823517,-0.07531589717073721,3.4117647058824465,31.21280809529959,101.93848031762792,0.3494657628722303,0,1
41.6902335848571,22.202873472653614,0.9131049986481424,8.462633255444883,38.87865035712956,65.93802911426603,60.48808130296792,-2.3939393939393927,7.727272727272724,-0.2828835093851107,2.484848484848507,26.04714286221372,99.32260248940668,0.2936259211339151,1,1
36.22109541748264,30.773803574449023,0.9044132017953675,10.721835636322057,62.56938311435501,64.74436680667364,60.194068344785855,-0.5151515151515158,9.696969696969704,-0.0480469513453789,4.54545454545461,29.72147011851585,102.45835319809773,0.4239436883415842,1,1
39.58627927292255,29.08605613625196,0.9164801240535044,9.687921915336087,61.466076591565,66.41680650431044,60.56794613085154,-3.454545454545454,8.878787878787882,-0.356582710382592,1.7575757575757525,35.21133700612079,103.30379501023228,0.1814192737034234,1,1
35.62053074081793,23.888668622817427,0.9108394775110068,11.245037677125136,67.1661869050766,65.62162008897474,63.821581944816494,-0.9393939393939403,10.242424242424244,-0.08353853196106871,4.54545454545461,30.342423625958556,101.85455563923828,0.4042187030374347,1,1
39.91235517783473,28.760269445913494,0.8769129284529151,12.9586826638359,52.62694580827409,61.27218488051236,62.135837219046905,-1.151515151515149,11.363636363636363,-0.0888605100832285,6.121212121212066,29.325090738453238,103.8056662060318,0.4723637641266327,1,1
44.39846400309206,23.799802882892003,0.954724105230192,8.533416909553248,73.04141634596392,72.69293144497333,60.672184722699285,-0.4411764705882358,8.147058823529415,-0.05169986129405368,2.500000000000025,31.40204006247601,98.62013758662188,0.2929658806663072,1,1
42.05646360740888,27.676025357723017,0.9737074324450083,7.340047518773624,76.71103817014084,76.83228829321229,62.30916851046363,-1.0588235294117625,7.147058823529421,-0.1442529529548155,1.2941176470588376,33.54101154432182,103.3516377801724,0.1763091647225546,1,1
43.98851696790883,20.18421209859833,0.9953476001943634,6.825874343527948,79.45961733578133,84.47102451320912,62.25901573491425,-0.11764705882352966,6.794117647058819,-0.017235456280421925,0.6470588235293666,33.17174733369985,103.91547236958274,0.0947950095423137,1,1
41.26469822468352,28.61654618700024,0.8989819482619457,12.269771436043357,57.939037358158046,64.02456987593168,62.08347503681832,-0.3333333333333318,11.030303030303026,-0.02716703689802572,5.363636363636352,27.83241990211353,102.64244364876365,0.4371423209955057,0,1
43.055686890241375,34.506269609985004,0.9027473781704732,11.144431215070478,61.4191659275261,64.52158123354225,62.45100802105736,-0.24242424242423907,10.060606060606055,-0.02175294887157731,4.787878787878718,31.954082985194507,102.7967470785664,0.4296207402136529,0,1
37.27389560228433,24.42593174406148,0.9589352738508936,8.035873288919564,74.06199295406645,73.52332426174272,64.6929355230886,-0.6764705882352915,7.705882352941163,-0.0841813408342385,2.176470588235341,31.103018892707397,100.94227939295436,0.2708443139884267,1,1
39.92451127063287,28.499847115883355,0.9633438673223904,7.73819786206281,67.648301314336,74.43867445469591,61.502450769466286,-1.1515151515151525,7.454545454545441,-0.14880921527744279,1.7272727272727928,32.65286589279441,104.68018846897864,0.2232138229161724,1,1
40.17924494341938,27.359917245575936,0.9018773857776168,10.886382088088814,67.66179082334914,64.40594912297475,61.36954611554455,-0.7878787878787854,9.818181818181811,-0.07237287663647522,4.636363636363704,31.46649223794288,101.11041766392084,0.4258865432838811,0,1
33.09995748799577,22.822861181102013,0.955467484800415,9.050081725529006,65.78841677101683,72.83668195419541,63.44459670870723,-0.7647058823529419,8.647058823529399,-0.08449712450615933,2.558823529411757,33.261892966458184,102.15225126049134,0.2827403781552244,1,1
36.01002286814376,26.094175735177757,0.9211914942121016,9.11204613446715,58.3762736650771,67.10089652719076,64.32355654707247,0.03030303030303045,8.393939393939398,0.0033256010621374775,3.5454545454545716,26.20615683192159,106.11350687943424,0.3890953242700962,1,1
39.42160871482457,28.900349084322205,0.9117552905926364,10.645271218149338,59.35378445519976,65.74905796764654,63.20886825563799,-0.8235294117647032,9.705882352941178,-0.07736105495937488,4.294117647058847,28.12233944899421,103.25529496349424,0.4033826437167442,1,1
39.54607070881199,29.723149829113627,0.9171599615140932,9.267739932702463,70.79263858155551,66.51435679968802,63.73601572831742,-0.35294117647058854,8.500000000000016,-0.038082766568059104,3.676470588235294,31.45014051419278,104.8744722778897,0.3966954850839495,1,1
38.89600370393067,32.36944532727315,0.9145958916247698,9.939809673493263,64.86545027181326,66.14840334194969,60.46157681094324,-0.39393939393939403,9.090909090909085,-0.03963248863707341,3.9999999999999356,29.951821659503118,104.03666980222573,0.4024221923148925,0,1
40.66088830954641,26.78265575840437,0.8933508376523072,11.457194291713016,60.57560679220183,63.297379560080245,60.81804509591032,-0.11764705882352966,10.235294117647054,-0.010268400432785105,5.147058823529328,30.00075063633013,106.56378373995399,0.4492425189343427,0,0
35.18575509588233,21.799595937115736,0.9518274988351166,6.890769112511146,49.86875695759294,72.14350345451057,60.58170029631126,-2.029411764705884,6.55882352941176,-0.2945116476216284,0.5882352941176345,21.979190367270903,101.8836601795872,0.0853656949627889,1,1
42.343069887888745,22.63576139843361,0.8823245424071657,13.153958717272952,61.86661629042039,61.92405560928958,61.14707626618284,-0.3333333333333336,11.606060606060606,-0.025340913750597414,6.1818181818182,25.035678483388345,101.20504031058908,0.4699587641019905,1,1
37.62927633136563,28.232921060679267,0.9059668076071986,11.907587228688074,65.87060395526781,64.95381219021208,60.14629211770498,-1.6666666666666647,10.787878787878784,-0.1399667820741457,4.757575757575758,30.31409214253701,104.16776270091331,0.3995415415571074,1,1
39.06104952181876,28.475589759891108,0.901103915733354,12.610794565672473,61.21972905185744,64.30355356456474,60.48673220266591,-1.3333333333333344,11.363636363636363,-0.10572952611271359,5.303030303030324,29.434746910345503,104.6881715758654,0.4205151606755668,1,1
39.27380843019156,27.604621337204257,0.9415429185569092,9.30130277119858,59.983141062691296,70.3123049910861,59.538497232868366,-0.5151515151515158,8.757575757575776,-0.05538487756217102,3.0909090909091,26.529821600435454,103.18521348818904,0.332309265373027,1,1
41.002350036881886,29.840183619353617,0.9425860499147016,9.741092797468283,55.986762534787076,70.49048611246346,61.06461808407298,-1.3939393939393954,9.18181818181818,-0.1430988722642782,2.939393939393871,31.312305699597687,104.4307822094416,0.3017519697746665,1,1
47.49279342050863,37.87109829636807,0.9200322000707906,9.28821246125628,57.95316669670807,66.93078981819768,60.30839071804113,0.1515151515151518,8.545454545454547,0.01631262766082961,3.6363636363636656,30.201639406767548,102.13151713168328,0.391503063859914,0,1
36.42444307724092,30.53834100969418,0.9646924316933516,7.8049868718149895,66.93524252240307,74.72934341554712,60.45244024545107,-1.7058823529411746,7.529411764705888,-0.2185631290555245,1.1470588235294552,33.422984790528766,105.72420947184862,0.1469648626407895,1,1
35.57650234014486,27.25690999071896,0.8670482739015594,12.372174710644376,65.27496058153034,60.117420763563615,62.56338723527404,-0.39393939393939403,10.72727272727273,-0.03184075582124371,6.151515151515241,35.89706217197935,101.5317710732002,0.4972056485932742,0,1
41.88462638805764,24.45185599357278,0.893783963660073,11.188386015620257,49.210644606018576,63.35265846020541,59.70576549308297,-0.4242424242424245,10.000000000000002,-0.03791810754921521,4.999999999999974,26.667615179240894,102.84582263427428,0.4468919818300341,1,1
34.63357665889482,25.9775784290233,0.8727087567905244,13.785014687541011,58.8733796074754,60.774956761084134,61.00850425278396,-1.1212121212121189,12.030303030303036,-0.08133557682934328,6.636363636363672,26.69669652192925,104.234442096559,0.4814186844763873,0,1
37.46211054513961,28.12789705467595,0.9338834045861768,9.79464757442891,70.11695439182922,69.04849352908882,61.53622447474938,-0.47058823529411775,9.14705882352941,-0.0480454484674561,3.4705882352940747,31.84473762708189,102.25310078290772,0.3543351824474841,0,1
36.5567112171648,28.47648019748852,0.9892195915535176,6.586152933869623,55.2145046561116,81.57933931726754,62.58128457358454,-0.6969696969696977,6.51515151515151,-0.10582349118944619,0.6666666666666201,27.15776866873753,100.82544278865085,0.1012224698333762,1,1
39.714425108282384,28.19600664730949,0.9575373954283656,8.576292948274277,71.23485814102179,73.24324872644725,60.40460954093668,-0.8181818181818153,8.21212121212121,-0.0954004047105748,2.333333333333386,32.79278840026401,105.1373840116221,0.2720678208412761,1,1
36.15695347615374,27.967937404252343,0.8955610712563506,11.40304278500514,67.22763239369446,63.580588810596105,60.652687611147854,-0.36363636363636404,10.212121212121204,-0.03188941500022609,5.0606060606061085,28.470468632603,106.3600041284698,0.4437943587531516,0,1
34.76731652281195,25.59513028379194,0.9552348873659224,9.104535242584936,66.07639589436079,72.79157842058723,61.46054194500691,-0.7878787878787854,8.696969696969694,-0.08653695843733067,2.575757575757601,27.655017392427023,105.1252943720555,0.2829092871989696,1,1
34.704495175400595,17.828917456622435,0.963398132788096,8.456585648501978,51.38889996004964,74.4502684328983,62.01928163772375,-0.882352941176468,8.147058823529415,-0.1043391479553891,2.088235294117587,27.71680899579892,103.18895963471591,0.2469359834944144,1,1
39.358730934719766,28.242449677541483,0.9630297810035144,7.898053368749206,69.60078777116713,74.37173376694412,60.581682567642446,-0.9393939393939367,7.606060606060616,-0.11893993311198728,1.9090909090908734,30.117506535451497,104.97201658918954,0.2417166382598414,1,1
44.298886116645626,32.94467761243419,0.9277657439865354,9.112801921546428,70.60475160515675,68.08917130490946,60.47210113293534,-0.21212121212121224,8.454545454545451,-0.023277276730844974,3.3939393939393425,35.38124818808187,100.78496005315864,0.3724364276935141,1,1
39.30927242816061,24.774323841094542,0.9404722641245292,9.924092064556078,69.8979525348114,70.13101882920499,61.41662121339955,-0.5151515151515158,9.333333333333329,-0.05190918340947079,3.333333333333316,30.144350512425092,106.6444169587228,0.3358829514730446,1,1
40.924707174689566,28.29618038148648,0.9250086311321636,11.400385024026717,67.51183455460284,67.66965652745004,58.84956120148407,-1.3333333333333308,10.545454545454568,-0.1169551142810776,4.1212121212122055,29.65289612348716,106.0219805730782,0.3614976259597027,0,1
39.85213922613891,24.352726141979485,0.9683564207563286,7.350234796051992,55.61558157714866,75.54785359419104,61.31549479961424,-1.2058823529411773,7.117647058823529,-0.16406038533475,1.382352941176488,30.7252106005458,104.16206385452358,0.1880692222130083,1,1
36.75044625441155,25.3727402509322,0.9531345521661994,10.078388811137748,64.57575220552596,72.38936981248814,59.268493566204114,-1.3636363636363649,9.60606060606061,-0.1353030121371576,2.727272727272722,29.14183992836014,103.92264557363409,0.2706060242743147,1,1
42.58499551515111,26.059288277746376,0.9465040427551276,9.260082880195876,62.56383672824053,71.17419879663571,60.029318256430216,-0.3235294117647061,8.764705882352942,-0.03493806869230328,2.9705882352940907,27.46770937374616,102.5249050308176,0.3207949943566007,1,1
39.86136744434206,26.937668978185307,0.9308219724644358,6.966797815998339,64.63891958147414,68.56331007123806,57.29664255235146,-2.545454545454544,6.484848484848497,-0.3653693723692169,0.060606060606027,30.86424661968236,103.78538292726863,0.0086992707706908,1,1
36.36790885746842,24.679591935424455,0.9252274231227496,9.727338138793982,68.58792032891296,67.70267346935549,56.80705639348262,-0.3235294117647061,9.0,-0.03325980932794198,3.676470588235294,28.699971107901813,108.43919049660435,0.3779523787266134,1,1
40.40956225444033,27.94679979882397,0.9180152551250031,10.430935131305276,65.4277137154341,66.63762907627859,59.54905946171062,-0.7878787878787885,9.57575757575757,-0.07553290073813321,4.06060606060607,28.08156646685075,103.46238896259187,0.389284949958072,1,1
41.705504001311326,29.401865577918745,0.9507622699662636,8.988003431980708,70.38098505871353,71.94552259463674,60.71917628251641,-0.6969696969696977,8.545454545454547,-0.0775444404582414,2.696969696969763,34.254517403096486,103.46449834510531,0.3000632695992891,1,1
40.95508995319769,27.970390611026,0.9624658144750092,7.853602087191869,71.35855466680736,74.25223296807371,60.4705648185135,-0.9999999999999977,7.558823529411755,-0.1273301077515575,1.882352941176472,36.31824749871218,103.48146060202035,0.2396802028264619,1,1
41.757408621544,29.94758804432179,0.935068909050672,9.24750971808949,65.06211752784195,69.2392805391874,61.63935050789612,-0.2941176470588237,8.647058823529425,-0.03180506493369631,3.26470588235296,30.272988932885507,105.3824224968635,0.3530362207640307,0,1
40.49432636054792,25.11604145115017,0.9654124413938082,8.318002426723774,53.525822491711466,74.88676749103767,59.25150531752667,-0.2727272727272727,8.03030303030302,-0.03278759234922373,2.151515151515197,24.993838712221837,106.32857239795467,0.2586576729772148,1,1
38.31174249703333,34.81020959392724,0.9172269162257788,9.944335430914135,64.78746118166075,66.52398485205347,59.038224025682766,-0.9393939393939367,9.121212121212125,-0.09446523057474758,3.848484848484815,35.53024802888959,118.01766313555406,0.387002718806222,1,1
39.912761885660274,23.38251818765739,0.9330537503716334,10.067950951590726,71.4193352891877,68.91595569875267,59.55385915731641,-0.5757575757575762,9.393939393939382,-0.0571871653453582,3.5757575757576396,33.16433610975233,103.73266268429542,0.3551623953027575,1,1
41.05045927138184,34.48073887748089,0.9327852254022874,9.23861873466848,78.19495669866276,68.87322869353524,56.59997309539,0.20588235294117646,8.617647058823533,0.022284971255344708,3.3235294117646923,38.16210192782806,99.85737831848054,0.3597431074077065,0,1
39.279082734362014,27.263028771782363,0.9319782863179212,9.372851541593986,66.22632173238328,68.74532388708482,58.98255849225772,0.3235294117647061,8.735294117647049,0.0345177143080712,3.3823529411764244,30.047769252021126,106.82904346651404,0.3608670132207394,0,1
43.45395140912528,24.67862406096942,0.9496620727542816,7.27531519612301,65.3805764914352,71.74322199635726,59.79003224537078,-1.8484848484848464,6.909090909090901,-0.2540762563070666,1.333333333333348,29.43920952057371,101.36157670841618,0.18326811930346,1,1
39.70822145851946,28.993531016377748,0.9847854810310884,6.185011058988996,49.575400080900174,79.99265395832516,56.97512111129194,-0.8181818181818153,6.090909090909079,-0.1322846168549221,0.6969696969696875,24.689935589737463,104.6919575268104,0.1126868958393769,1,1
39.98792029782073,29.87501540488827,0.95714721239838,9.371282550383322,65.73299108300255,73.1658809634883,59.68572190592096,-0.7575757575757581,8.969696969696978,-0.0808401361822956,2.606060606060669,33.2601457120489,105.30312939417172,0.2780900684671034,1,1
31.929061104259684,25.405431816893945,0.8833755867544816,11.388820578083534,62.14975479540337,62.05227857838212,58.93802530103482,-0.21212121212121224,10.060606060606055,-0.018625388877353488,5.333333333333284,28.303810574185725,106.2534576826948,0.468295491773456,0,1
37.45363788432632,25.14648837233703,0.8776260826075548,11.327348477442158,63.68817734046904,61.35731180329378,58.96011716993457,-1.2058823529411773,9.94117647058821,-0.10645760173641973,5.294117647058815,30.251761583021132,105.6249186763202,0.4673748368915976,1,1
39.63366613702586,33.852523459793034,0.8869855206377488,11.44496151889395,68.14589476605911,62.49685927506385,63.10562035474069,-0.36363636363636404,10.15151515151515,-0.031772615664635816,5.272727272727365,34.966386935554425,105.45010507376632,0.4607029271372269,0,0
39.09100863200776,27.941094536539957,0.9115105759172574,10.22865741561185,68.32497773626429,65.71494376095544,62.03555751161117,0.08823529411764724,9.323529411764683,0.00862628305284468,4.205882352941196,33.52559323843393,103.5729220011455,0.4111861588522673,1,1
33.914530385033025,26.202394322300265,0.9865372460882084,7.494840588388976,78.0529173816221,80.58775931359563,58.781473926456094,0.18181818181818044,7.393939393939386,0.02425911260872621,1.212121212121294,29.42067015100973,108.9606570659593,0.1617274173915206,0,1
38.76498492448045,26.19794793058352,0.9664522245101984,7.425582358064672,52.42978751502434,75.11697655303178,61.07429547382967,-1.705882352941178,7.176470588235287,-0.2297304468098017,0.8529411764705855,26.35352328245728,102.56513889442202,0.1148652234049004,1,1
41.71598285273355,24.70144239773349,0.9622904209207354,7.82446920494293,64.28779932556134,74.21524802570951,61.99081697272964,-0.41176470588235337,7.529411764705863,-0.05262525739410279,2.088235294117691,28.254539365601392,103.73284242391762,0.2668852339272415,1,1
